name,league,team_clean,position,Role_Label,Minutes Played,Goals,Goals_p90,Duels won %,Shots,Shots_p90,Assists,Assists_p90,Dribbles successful %,Dribbles successful %,Dribbles successful %_p90,Key Passes,Passes total p90,passes_accuracy_perc,passes_accuracy_perc,PC1,PC2,PC3,PC4,PC5,PC6,PC7
f. caputo,serie a,empoli,Attacker,Off-Ball Disruptor,1274.0,3.0,0.2119309262166404,41.25,18.0,1.2715855572998431,0.0,0.0,55.56,55.56,55.56,0.706436420722135,15.047095761381478,75.9,75.9,-1.5677028097475314,-0.9297803646525798,-0.2850089931107973,1.5036732895761649,1.2136895148156928,-0.0816960256982506,0.0811926782116507
i. success,serie a,udinese,Attacker,Off-Ball Disruptor,870.0,1.0,0.1034482758620689,46.77,16.0,1.6551724137931034,1.0,0.1034482758620689,58.82,58.82,58.82,1.137931034482759,20.79310344827586,63.7,63.7,-0.4671698504925375,-1.2274437255014037,-1.796760569416597,0.123054573950402,0.2202716000265903,-0.5251640894634724,-0.3092817027894375
s. azmoun,serie a,roma,Attacker,Disruptive Presser,568.0,3.0,0.4753521126760563,45.0,11.0,1.742957746478873,0.0,0.0,36.36,36.36,36.36,1.267605633802817,24.242957746478872,69.2,69.2,-0.9721217956820254,0.436540414123017,0.2277874068030785,0.1372425198403195,-1.0113717568993552,-0.6344963108664844,0.9371540614581192
dany mota,serie a,monza,Attacker,Off-Ball Disruptor,2057.0,4.0,0.1750121536217792,41.63,29.0,1.2688381137579,3.0,0.1312591152163344,36.36,36.36,36.36,1.5313563441905689,32.33349538162372,74.8,74.8,0.2611315092898819,-1.1359705156290762,1.4668981567917383,-0.2678224456531356,-0.6250496658512068,-0.0199106416677022,0.1584811202678271
a. petagna,serie a,cagliari,Attacker,Off-Ball Disruptor,999.0,1.0,0.09009009009009,46.67,13.0,1.1711711711711712,1.0,0.09009009009009,73.33,73.33,73.33,1.6216216216216215,21.17117117117117,71.1,71.1,0.6328648563387186,-2.003312793704599,-1.665270876203229,0.9219663656352624,1.5231459097498894,-0.908679418822112,0.0002859298403436
g. oristanio,serie a,cagliari,Attacker,Off-Ball Disruptor,1101.0,2.0,0.1634877384196185,41.45,18.0,1.4713896457765667,1.0,0.0817438692098092,58.18,58.18,58.18,1.2261580381471389,17.002724795640326,67.8,67.8,-0.8885654424535512,-1.0530377565159723,-1.0562313370639396,0.152367993328167,1.0694450131342677,-0.5422656416940516,-0.2363739658238734
a. pinamonti,serie a,sassuolo,Attacker,Disruptive Presser,3100.0,11.0,0.3193548387096774,38.73,54.0,1.5677419354838709,1.0,0.0290322580645161,40.74,40.74,40.74,0.4935483870967742,17.47741935483871,65.2,65.2,-2.475969332639982,-0.0781031679776324,-0.2100666500731997,-0.0660485661380624,0.0813881083329992,-0.0850087350471289,0.3280697072244413
p. pellegri,serie a,torino,Attacker,Disruptive Presser,745.0,1.0,0.1208053691275167,40.74,10.0,1.2080536912751678,1.0,0.1208053691275167,41.67,41.67,41.67,0.4832214765100671,15.8255033557047,62.3,62.3,-2.337055962862854,-1.2130404030245887,-0.7623163600028685,-0.6207997630926873,0.0836839126013978,0.6048070051483986,-0.0473178197475479
m. retegui,serie a,genoa,Attacker,Disruptive Presser,2226.0,7.0,0.2830188679245283,41.37,51.0,2.061994609164421,2.0,0.0808625336927223,43.75,43.75,43.75,0.4447439353099731,15.606469002695418,64.3,64.3,-2.158609965196982,0.3237261666064711,-0.9626286857501108,-0.0295930771584077,-0.0394755292175423,0.1662322686750346,-0.3534779578385063
l. tchaouna,serie a,salernitana,Attacker,Disruptive Presser,2097.0,4.0,0.1716738197424892,38.59,35.0,1.5021459227467813,3.0,0.1287553648068669,34.04,34.04,34.04,0.9442060085836912,29.184549356223176,65.9,65.9,-1.0896579327646292,-0.7593606799000899,0.8006942218926162,-0.8992943216528224,-0.7080957727761104,0.0068745075917943,-0.0217863890338667
c. immobile,serie a,lazio,Attacker,Disruptive Presser,1659.0,7.0,0.3797468354430379,40.76,40.0,2.16998191681736,1.0,0.0542495479204339,29.63,29.63,29.63,0.922242314647378,24.30379746835443,73.3,73.3,-1.266201717960431,0.8627209903692307,1.078855285879364,0.1521151232867661,-1.007637760263349,0.0433213224162009,-0.1350103472236029
c. ikwuemesi,serie a,salernitana,Attacker,Disruptive Presser,1056.0,1.0,0.0852272727272727,33.84,15.0,1.2784090909090908,1.0,0.0852272727272727,50.0,50.0,50.0,0.6818181818181819,13.977272727272728,65.9,65.9,-2.3957530737292805,-1.215643282871614,-0.3008564386128176,-0.383121520861755,1.4046570130179177,-0.082846306202971,-0.5418870318756958
v. osimhen,serie a,napoli,Attacker,Pure Finisher,1989.0,15.0,0.6787330316742082,43.46,64.0,2.8959276018099542,2.0,0.090497737556561,48.48,48.48,48.48,0.995475113122172,11.945701357466064,66.9,66.9,-1.2399029654118725,2.6062002443725945,-1.5014585482133034,0.0516617032900007,0.2957338780911561,-0.2746078471766547,-0.0179545267911242
o. giroud,serie a,milan,Attacker,Pure Finisher,2374.0,15.0,0.5686604886267903,46.82,68.0,2.577927548441449,8.0,0.3032855939342881,33.33,33.33,33.33,1.2131423757371524,18.34877843302443,68.7,68.7,-0.0287812371950426,1.97833616334422,-0.6321918729380964,-1.1918157371625977,-0.8145495559778706,1.4298799155361277,-0.2014444438460474
a. cerri,serie a,empoli,Attacker,Disruptive Presser,554.0,1.0,0.1624548736462094,46.15,6.0,0.9747292418772564,0.0,0.0,16.67,16.67,16.67,0.6498194945848376,21.76895306859205,50.0,50.0,-3.3557280143222274,-1.4475800848055531,-0.5165658808260034,-1.8378734604162004,-2.8675949553767848,-0.1000447875274982,1.0850106620007185
s. nwankwo,serie a,salernitana,Attacker,Disruptive Presser,681.0,3.0,0.3964757709251101,39.67,11.0,1.4537444933920705,0.0,0.0,50.0,50.0,50.0,0.6607929515418502,17.312775330396477,62.4,62.4,-2.2294222327558204,-0.1226624689190956,-0.9278123563470774,0.0034750296488981,0.5415574122443431,-0.697767139158127,0.8547601833980862
d. berardi,serie a,sassuolo,Attacker,Pure Finisher,1437.0,9.0,0.5636743215031316,38.69,38.0,2.3799582463465554,3.0,0.1878914405010438,44.0,44.0,44.0,1.6910229645093944,35.01043841336117,63.8,63.8,0.7281417412329273,1.3733296425406998,0.2553001759174091,-1.5016758815185554,-0.3023054554076343,-1.0563906779331391,0.4818941838199413
g. lapadula,serie a,cagliari,Attacker,Off-Ball Disruptor,1205.0,3.0,0.2240663900414937,37.93,27.0,2.016597510373444,1.0,0.0746887966804979,57.14,57.14,57.14,1.4190871369294604,12.17427385892116,70.2,70.2,-1.1069862866542133,-0.0799158052312958,-0.8244294581690349,0.0650594858971894,1.4858278515677543,-0.7614543429464496,-0.9213624687320724
k. kvaratskhelia,serie a,napoli,Attacker,Creative Technician,2752.0,11.0,0.3597383720930233,51.78,78.0,2.550872093023256,5.0,0.1635174418604651,51.79,51.79,51.79,1.8968023255813955,33.58648255813954,80.4,80.4,2.394696562344974,0.6410091529689453,-0.0084454926565917,1.0825523844931375,-0.7815024257970637,-0.3381036695433234,-0.4125121050360513
a. belotti,serie a,fiorentina,Attacker,Disruptive Presser,952.0,3.0,0.2836134453781512,46.67,18.0,1.7016806722689075,0.0,0.0,25.0,25.0,25.0,0.4726890756302521,18.623949579831933,66.2,66.2,-2.539064243627449,-0.0454065223541494,-0.013692539309678,0.1630141974362834,-1.898539887095232,0.4447872415592562,0.3273299088924791
a. sanabria,serie a,torino,Attacker,Off-Ball Disruptor,2134.0,5.0,0.2108716026241799,47.39,45.0,1.8978444236176195,0.0,0.0,45.16,45.16,45.16,0.6326148078725399,25.97938144329897,79.2,79.2,-0.5901741066072559,-0.3024852081444202,0.3403207001504172,2.0536566714929965,-0.6658039160550273,0.0560898116507322,-0.1816605029455152
p. almqvist,serie a,lecce,Attacker,Off-Ball Disruptor,2114.0,2.0,0.0851466414380321,45.02,24.0,1.021759697256386,1.0,0.042573320719016,46.25,46.25,46.25,1.1494796594134342,19.328287606433303,73.4,73.4,-0.9933547700479768,-1.7642034417699657,-0.0427244482482102,0.6905952748323707,0.0328734534043435,0.0551878740138409,0.0638953295676213
zito luvumbo,serie a,cagliari,Attacker,Disruptive Presser,1944.0,4.0,0.1851851851851852,41.83,32.0,1.4814814814814816,5.0,0.2314814814814814,42.86,42.86,42.86,1.2037037037037035,13.47222222222222,63.4,63.4,-1.2038242590069392,-0.7122082221831711,-1.0046806879640964,-1.4331797329385203,0.3412503226326497,0.7939351898961147,-0.4196488617529066
pedro,serie a,lazio,Attacker,Creative Technician,795.0,1.0,0.1132075471698113,45.54,9.0,1.018867924528302,1.0,0.1132075471698113,50.0,50.0,50.0,1.924528301886792,46.41509433962264,82.8,82.8,2.480688974352608,-2.031779352449005,1.9654490785681549,1.0130204194879933,-0.4668134893409228,-0.7166562272706251,0.559566639465348
t. noslin,serie a,verona,Attacker,Pure Finisher,1347.0,5.0,0.3340757238307349,38.81,30.0,2.0044543429844097,4.0,0.2672605790645879,33.33,33.33,33.33,1.804008908685969,21.514476614699333,69.5,69.5,-0.0242582635793669,0.4801352261503755,0.6081362359997982,-1.843256906604583,-0.1404515231741748,0.5088056320085012,-0.5906288371307217
g. isaksen,serie a,lazio,Attacker,Off-Ball Disruptor,1070.0,3.0,0.2523364485981308,39.67,19.0,1.5981308411214954,1.0,0.0841121495327102,39.47,39.47,39.47,1.5981308411214954,24.308411214953274,66.5,66.5,-0.7471130405617631,-0.5031338006848443,0.3482431685052961,-0.9083455045252437,-0.2991811975957979,-0.7436596151053235,0.0475345064844708
a. lookman,serie a,atalanta,Attacker,Creative Technician,1900.0,11.0,0.5210526315789474,44.49,49.0,2.321052631578948,7.0,0.331578947368421,52.0,52.0,52.0,2.3684210526315788,35.47894736842105,75.8,75.8,3.0429898308712886,1.04541809423728,0.3428658968693252,-0.9311843907296324,0.2480530378507106,-0.1114644654953112,0.0329266094008391
g. scamacca,serie a,atalanta,Attacker,Pure Finisher,1457.0,12.0,0.7412491420727523,38.35,52.0,3.212079615648593,6.0,0.3706245710363761,57.69,57.69,57.69,2.0384351407000687,26.12903225806452,67.5,67.5,1.943557643693156,3.017880327277411,-0.8771690728336317,-1.8003717948082103,1.3047181655758773,-0.3361915625972148,-0.4294451798116596
a. saelemaekers,serie a,bologna,Attacker,Creative Technician,1891.0,4.0,0.1903754627181385,54.09,23.0,1.0946589106292968,2.0,0.0951877313590692,40.82,40.82,40.82,2.0465362242199894,42.83447911158117,78.0,78.0,2.258112187521557,-1.760639747991252,1.080985746915441,0.7208007731927512,-1.9505631631619205,-0.4538314106740244,1.0124910857282696
s. chukwueze,serie a,milan,Attacker,Creative Technician,1015.0,1.0,0.0886699507389162,42.86,18.0,1.5960591133004929,3.0,0.2660098522167488,38.18,38.18,38.18,1.7733990147783252,34.84729064039409,78.4,78.4,1.528882137622219,-1.0724577739069583,1.5185135715393552,-0.50211681339493,-0.5476790271013542,0.615711188795047,-0.6991139041172004
rafael leão,serie a,milan,Attacker,Creative Technician,2521.0,9.0,0.3213010710035699,53.48,47.0,1.6779055930186433,9.0,0.3213010710035699,55.8,55.8,55.8,2.106307021023404,31.880206267354225,73.6,73.6,2.862910931158907,-0.5692429866691869,-0.9043798897071776,-0.3372750878493478,-0.270465087715374,0.521482935766817,0.2871262351932936
n. okafor,serie a,milan,Attacker,Pure Finisher,870.0,6.0,0.6206896551724138,37.11,21.0,2.1724137931034484,2.0,0.2068965517241379,45.16,45.16,45.16,0.8275862068965517,17.17241379310345,62.2,62.2,-1.346955778284692,1.7043667158655158,-0.8233433549884605,-1.333422448073709,0.7859953196641465,0.2972944472773703,0.4509379691070032
a. guðmundsson,serie a,genoa,Attacker,Off-Ball Disruptor,3024.0,14.0,0.4166666666666666,40.5,42.0,1.25,4.0,0.119047619047619,50.0,50.0,50.0,2.470238095238095,30.23809523809524,74.8,74.8,1.3281548596041062,-0.5455903166567292,0.9461475077619234,-0.5904824749638967,0.606577626644455,-1.171488704101696,0.8809999119221874
m'bala nzola,serie a,fiorentina,Attacker,Off-Ball Disruptor,1544.0,3.0,0.1748704663212435,35.42,23.0,1.3406735751295336,3.0,0.1748704663212435,48.28,48.28,48.28,1.2240932642487046,19.58549222797928,82.0,82.0,-0.3513859670597973,-0.76871120497606,1.26051873821029,0.3837695393037794,1.6053757584753725,0.6926769043358599,-0.6443111669785409
r. sottil,serie a,fiorentina,Attacker,Creative Technician,1107.0,2.0,0.1626016260162601,55.81,24.0,1.951219512195122,3.0,0.2439024390243902,52.5,52.5,52.5,1.056910569105691,30.406504065040654,78.6,78.6,1.7702546590984007,-0.6442220606689468,-0.7825702531668983,1.3389075996281112,-0.841589266793518,1.2219375366022802,-0.425473538468158
j. ikoné,serie a,fiorentina,Attacker,Off-Ball Disruptor,1685.0,3.0,0.1602373887240356,45.62,32.0,1.7091988130563798,1.0,0.0534124629080118,51.22,51.22,51.22,0.8011869436201781,24.409495548961427,81.5,81.5,-0.1852958641809208,-0.6886631514596567,0.3393491566510714,1.9666853545138048,0.177792471974995,0.2529272850294236,-0.39810259410114
lautaro martínez,serie a,inter,Attacker,Pure Finisher,2668.0,24.0,0.8095952023988006,45.92,77.0,2.597451274362818,3.0,0.10119940029985,33.33,33.33,33.33,1.1131934032983508,24.82758620689655,77.2,77.2,-0.0748579282231327,2.7984627755007927,0.6560258437304274,0.5370821651680527,-0.9552733556729645,0.3386644074799191,0.9192756361201077
a. milik,serie a,juventus,Attacker,Pure Finisher,900.0,4.0,0.4,47.41,27.0,2.7,1.0,0.1,50.0,50.0,50.0,1.5,26.4,79.6,79.6,0.9777001607973124,1.165962088568521,-0.0013177983636573,1.2403226552717008,-0.315652321430346,-0.3872415244441324,-0.6130025015672533
m. thuram,serie a,inter,Attacker,Creative Technician,2707.0,13.0,0.4322127816771333,56.62,60.0,1.994828223125231,7.0,0.2327299593646102,75.0,75.0,75.0,0.9641669745105282,21.045437753971186,72.6,72.6,1.5718480722130763,0.1730919924318848,-2.99152110528308,1.5436632582581775,0.8979140815445262,0.704687142246335,0.4392500046680924
p. dybala,serie a,roma,Attacker,Creative Technician,1976.0,13.0,0.5921052631578947,44.96,45.0,2.049595141700405,9.0,0.4099190283400809,39.44,39.44,39.44,2.322874493927125,40.85526315789474,79.0,79.0,3.4553639933691214,1.1411867115260164,1.4667184303991354,-1.3584948885303585,-0.4676208782498638,0.8509295722567787,0.535084886674172
m. politano,serie a,napoli,Attacker,Creative Technician,2385.0,8.0,0.3018867924528302,45.45,47.0,1.7735849056603774,5.0,0.1886792452830188,44.93,44.93,44.93,2.5283018867924527,40.301886792452834,76.9,76.9,2.641659818496918,-0.4667325649160135,1.2529514652091585,-0.4578380702202898,-0.71586444327447,-0.8784440341431813,0.1804878412589647
r. lukaku,serie a,roma,Attacker,Disruptive Presser,2648.0,13.0,0.4418429003021148,40.76,48.0,1.6314199395770397,3.0,0.1019637462235649,45.83,45.83,45.83,0.9856495468277946,20.4607250755287,70.5,70.5,-0.9629256879802104,0.3228256062303479,-0.0652051017705267,0.0247162879518066,0.4375408931310625,0.05887746995744,0.5656515603670439
f. thauvin,serie a,udinese,Attacker,Off-Ball Disruptor,1715.0,5.0,0.2623906705539358,37.68,29.0,1.521865889212828,3.0,0.1574344023323615,43.75,43.75,43.75,1.9941690962099128,23.825072886297374,70.3,70.3,0.0560279992715556,-0.5407871745595474,0.6228994580736199,-1.1670909893306196,0.4942260066807706,-0.5673112396589249,-0.1423312871146532
g. simeone,serie a,napoli,Attacker,Disruptive Presser,789.0,1.0,0.1140684410646387,46.3,30.0,3.4220532319391634,0.0,0.0,50.0,50.0,50.0,1.0266159695817492,19.50570342205323,70.6,70.6,-0.7781024660304816,0.9914269591524104,-1.178458641802503,1.2696033135700948,-0.8146692757752935,-1.1359835883084897,-2.224051672061386
g. raspadori,serie a,napoli,Attacker,Creative Technician,1572.0,5.0,0.2862595419847328,44.44,40.0,2.2900763358778624,3.0,0.1717557251908396,50.0,50.0,50.0,1.8893129770992367,35.32442748091603,74.0,74.0,1.7190830645380637,0.1547460015460864,0.3715705813204096,-0.0395799139492997,-0.3665896050030928,-0.7922457913198215,-0.4362197537717387
l. lucca,serie a,udinese,Attacker,Disruptive Presser,2602.0,8.0,0.2767102229054573,44.67,52.0,1.7986164488854728,4.0,0.1383551114527286,37.5,37.5,37.5,0.6917755572636433,15.219062259800152,59.7,59.7,-2.0059842272367,-0.043188284351163,-1.2960440748127993,-0.9547656630423276,-0.7165085688729986,0.5328513098143368,-0.0277126432226585
c. ekuban,serie a,genoa,Attacker,Disruptive Presser,1120.0,4.0,0.3214285714285714,49.37,24.0,1.9285714285714288,1.0,0.0803571428571428,47.62,47.62,47.62,1.2857142857142856,16.633928571428573,65.4,65.4,-0.7511640780973845,-0.0187805759745212,-1.5658230726966382,0.0283545731173656,-0.5384674808143691,-0.2405827449693235,0.0874696082586213
r. orsolini,serie a,bologna,Attacker,Pure Finisher,1791.0,10.0,0.5025125628140703,49.12,53.0,2.663316582914573,2.0,0.100502512562814,43.66,43.66,43.66,1.809045226130653,31.30653266331658,67.0,67.0,0.9437772344053824,1.294957618037523,-0.5723603695257033,-0.2691242497046759,-1.4223435553900683,-1.1221616658317806,0.2170392175490569
d. ndoye,serie a,bologna,Attacker,Off-Ball Disruptor,1776.0,1.0,0.0506756756756756,48.48,27.0,1.3682432432432434,1.0,0.0506756756756756,44.16,44.16,44.16,1.114864864864865,27.66891891891892,77.6,77.6,-0.0294968554942271,-1.5825258258165322,0.416786746888873,1.3244122226135406,-0.7981219861506993,0.1048300405125593,-0.1932030729644336
f. chiesa,serie a,juventus,Attacker,Pure Finisher,2206.0,9.0,0.3671804170444243,44.39,51.0,2.0806890299184047,2.0,0.0815956482320942,42.17,42.17,42.17,2.203082502266546,23.17316409791478,69.9,69.9,0.3071513916180631,0.298566113130346,-0.011833411492166,-0.6219800253520703,-0.5377450460562995,-1.0980355267358597,-0.0902189257757826
j. zirkzee,serie a,bologna,Attacker,Off-Ball Disruptor,2772.0,11.0,0.3571428571428571,39.66,57.0,1.8506493506493509,4.0,0.1298701298701298,41.94,41.94,41.94,1.396103896103896,29.22077922077922,77.4,77.4,0.2663467554091515,0.2486272527876236,1.2451037888726983,0.1713415737103652,0.063136499522267,-0.1044764887238517,-0.0014263122692271
k. gameiro,ligue 1,strasbourg,Attacker,Off-Ball Disruptor,1345.0,4.0,0.2676579925650557,35.06,22.0,1.4721189591078068,2.0,0.1338289962825278,58.33,58.33,58.33,1.6059479553903346,30.17843866171004,80.9,80.9,0.8701576750066914,-0.6119098836807763,1.306035907012448,0.5666207777300114,1.7477316205556337,-0.6260792239547313,-0.0992671888782078
s. benrahma,ligue 1,lyon,Attacker,Creative Technician,778.0,3.0,0.3470437017994858,39.58,18.0,2.082262210796915,3.0,0.3470437017994858,52.94,52.94,52.94,2.660668380462725,32.15938303341902,68.2,68.2,2.438778020164623,0.1498438858537816,0.0370535426330368,-2.1908203469815186,0.7002247084898496,-0.6267885615910823,-0.451471564972484
w. ben yedder,ligue 1,monaco,Attacker,Pure Finisher,2323.0,16.0,0.6198880757640981,33.14,52.0,2.014636246233319,2.0,0.0774860094705122,38.64,38.64,38.64,1.4722341799397332,28.592337494619027,73.8,73.8,-0.4497272570494803,1.4757868026445875,1.6983614670540654,-0.508385853924484,0.452453422199207,-0.8567544871523344,0.6815427799771461
m. simon,ligue 1,nantes,Attacker,Off-Ball Disruptor,1794.0,3.0,0.1505016722408027,45.37,27.0,1.354515050167224,5.0,0.2508361204013378,55.29,55.29,55.29,1.4548494983277591,19.11371237458194,62.6,62.6,0.0239613363658796,-1.2946829112240636,-1.6765707109368362,-1.1454764716556014,0.5783599678167581,0.3288676344237866,-0.1527272611877357
w. khazri,ligue 1,montpellier,Attacker,Disruptive Presser,1132.0,1.0,0.0795053003533568,44.03,34.0,2.703180212014134,0.0,0.0,37.84,37.84,37.84,0.8745583038869258,23.77208480565371,71.4,71.4,-1.224286954756783,0.2019861214331216,0.0937833764842867,0.8567439312355618,-1.3141107921042026,-0.6401386109943872,-1.543102103400939
a. lacazette,ligue 1,lyon,Attacker,Pure Finisher,2306.0,19.0,0.7415437987857763,40.0,57.0,2.2246313963573288,2.0,0.0780572419774501,56.41,56.41,56.41,0.8196010407632263,21.19254119687771,70.8,70.8,-0.642855167951307,1.9893347452309649,-0.625452387772854,0.5995092562583355,1.144700514213103,-0.4769684170534445,1.0510493860650882
g. kyei,ligue 1,clermont foot,Attacker,Disruptive Presser,1017.0,2.0,0.1769911504424778,35.95,23.0,2.035398230088496,1.0,0.0884955752212389,32.26,32.26,32.26,1.0619469026548671,23.00884955752212,74.7,74.7,-1.3063764608308406,0.0655087991871114,1.4654424107680528,-0.1460825884662875,-0.259341785679709,0.0252316758429189,-0.985958843292467
ivan cavaleiro,ligue 1,lille,Attacker,Off-Ball Disruptor,773.0,1.0,0.1164294954721863,40.0,6.0,0.6985769728331177,1.0,0.1164294954721863,55.56,55.56,55.56,1.3971539456662354,29.456662354463127,73.4,73.4,0.2283633219984971,-2.152947791261284,0.5165870482501227,0.2019605544848443,0.995859312075519,-0.3627887562228128,0.5380046361335938
ângelo,ligue 1,strasbourg,Attacker,Creative Technician,1089.0,0.0,0.0,47.85,7.0,0.5785123966942148,3.0,0.2479338842975206,56.6,56.6,56.6,2.231404958677686,31.15702479338843,70.4,70.4,1.89184209987024,-2.979807589161996,-0.3641260871817565,-0.7781031199110653,0.3007046651431866,-0.0622000397653064,0.3175472536959871
e. sabbi,ligue 1,le havre,Attacker,Disruptive Presser,1588.0,5.0,0.2833753148614609,43.32,24.0,1.3602015113350123,1.0,0.0566750629722921,35.09,35.09,35.09,0.5667506297229219,19.269521410579344,70.1,70.1,-1.921088345474812,-0.4373853334065284,0.1949224574835039,0.2845564687586562,-0.5764492544613401,0.5996629459838567,0.443438917980833
m. daramy,ligue 1,reims,Attacker,Creative Technician,1656.0,4.0,0.217391304347826,53.07,24.0,1.3043478260869563,5.0,0.2717391304347826,58.43,58.43,58.43,1.25,27.065217391304348,76.1,76.1,1.6505568267051132,-1.203530026870158,-1.0415108254557677,0.7393024790530907,0.1871194542678579,1.2100896893237272,0.29020586818061
j. ito,ligue 1,reims,Attacker,Creative Technician,2722.0,3.0,0.0991917707567964,45.97,31.0,1.0249816311535636,7.0,0.2314474650991917,54.0,54.0,54.0,2.645113886847906,29.72446730345334,65.5,65.5,1.7775677440520408,-2.152145160553185,-0.5720707444144606,-1.6183092202959648,0.1144473967963703,-0.8279728623844317,0.1750232357702388
keito nakamura,ligue 1,reims,Attacker,Off-Ball Disruptor,1389.0,4.0,0.2591792656587472,41.18,30.0,1.9438444924406049,1.0,0.0647948164146868,59.38,59.38,59.37,0.9071274298056154,24.03887688984881,73.0,73.0,-0.365046388322632,-0.16417299662617,-0.4546033043643314,1.0642707679711678,0.9177304213440416,-0.6055837135755734,-0.2675820251237907
o. diakité,ligue 1,reims,Attacker,Disruptive Presser,1589.0,5.0,0.2831969792322215,36.63,30.0,1.6991818753933292,1.0,0.0566393958464443,42.37,42.37,42.37,0.8495909376966646,17.10509754562618,78.4,78.4,-1.5322883534600815,0.0624378352045762,0.9751663057283688,0.7480098048901668,0.8192843724256419,0.2445456453932983,-0.3891195697757985
s. nicholson,ligue 1,clermont foot,Attacker,Disruptive Presser,1487.0,4.0,0.242098184263618,42.65,30.0,1.8157363819771355,3.0,0.1815736381977135,32.0,32.0,32.0,1.089441829186281,22.93880295897781,70.5,70.5,-0.745984189657335,-0.068256314350441,0.4925783099675171,-0.6628606825249325,-0.7975418977761031,0.7710891951803994,-0.3725563398910747
e. nuamah,ligue 1,lyon,Attacker,Off-Ball Disruptor,1846.0,3.0,0.1462621885157096,39.1,27.0,1.3163596966413869,2.0,0.0975081256771397,44.74,44.74,44.74,1.4138678223185264,29.7887323943662,77.3,77.3,0.0791143717375069,-1.1749411975204844,1.3512602395925606,0.3279769579255159,0.2595207320879352,-0.2833744769561708,-0.1186400359005003
mousa tamari,ligue 1,montpellier,Attacker,Off-Ball Disruptor,1943.0,5.0,0.2316006176016469,48.08,35.0,1.6212043232115287,2.0,0.0926402470406587,41.9,41.9,41.9,0.9264024704065876,23.53062274832733,72.7,72.7,-0.527754637693385,-0.5525267298366019,-0.1888619975708028,0.678379060068452,-0.7733540603056428,0.4226564445224199,0.105333420573618
a. kalimuendo,ligue 1,rennes,Attacker,Disruptive Presser,2152.0,10.0,0.4182156133828996,34.21,41.0,1.7146840148698883,1.0,0.0418215613382899,40.48,40.48,40.48,1.171003717472119,20.32527881040892,80.7,80.7,-1.1290703523436192,0.5598774875521949,1.7105818454771122,0.5913965577570778,0.9313679136784896,-0.157781566449507,0.0243182526575075
m. guilavogui,ligue 1,lens,Attacker,Creative Technician,554.0,2.0,0.3249097472924188,48.0,20.0,3.249097472924188,0.0,0.0,50.0,50.0,50.0,2.274368231046932,34.765342960288805,74.8,74.8,1.711534772550405,1.184111663335438,0.0584759494528979,0.8829235026835793,-1.303601411328384,-2.344245339336606,-1.0347240366282804
m. satriano,ligue 1,brest,Attacker,Off-Ball Disruptor,1870.0,4.0,0.1925133689839572,50.19,48.0,2.3101604278074865,4.0,0.1925133689839572,46.67,46.67,46.67,1.0106951871657754,21.128342245989305,71.3,71.3,0.1007668628722479,0.0613603513443142,-1.119174678244866,0.4025670140032252,-0.6862925081817461,0.7328616802909004,-0.9027485482345426
a. gouiri,ligue 1,rennes,Attacker,Pure Finisher,2075.0,7.0,0.3036144578313253,43.51,56.0,2.4289156626506023,3.0,0.1301204819277108,53.49,53.49,53.49,0.9108433734939758,32.53012048192771,81.8,81.8,0.9466039070194256,0.5994260113694019,0.6188064553080221,1.647306593858278,0.2046957586007619,0.0044441845444653,-0.6290491000618995
f. magri,ligue 1,toulouse,Attacker,Disruptive Presser,1433.0,5.0,0.314026517794836,39.41,30.0,1.884159106769016,2.0,0.1256106071179344,39.39,39.39,39.39,0.8792742498255408,19.5324494068388,69.4,69.4,-1.3556546323364176,0.2790590430036868,0.1412050862531083,-0.3320803672071638,0.0408390803688097,0.3014756367906037,-0.2385962176092558
gonçalo ramos,ligue 1,paris sg,Attacker,Pure Finisher,1419.0,11.0,0.6976744186046512,51.2,36.0,2.2832980972515857,1.0,0.0634249471458773,42.11,42.11,42.11,1.014799154334038,24.862579281183933,76.6,76.6,0.1446236409773218,1.823336037635305,-0.218655189205001,1.291422095883007,-0.978196781214786,0.2166578819340361,1.1203120066043166
r. kolo muani,ligue 1,paris sg,Attacker,Off-Ball Disruptor,1264.0,6.0,0.4272151898734177,40.31,17.0,1.2104430379746836,5.0,0.3560126582278481,41.18,41.18,41.18,1.85126582278481,24.8496835443038,72.1,72.1,0.9730578273738414,-0.1818823514327197,0.591455974732271,-1.8220763544713408,0.6596613494517806,1.1730659326433297,0.5478647833424469
t. moffi,ligue 1,nice,Attacker,Pure Finisher,1960.0,11.0,0.5051020408163265,34.03,43.0,1.974489795918368,2.0,0.0918367346938775,59.38,59.38,59.37,1.010204081632653,17.127551020408163,70.8,70.8,-1.0663879007089485,0.9548087237531891,-0.3556956299234673,0.1462646383361791,2.075548443068761,-0.649389358212209,0.1508501099488884
e. guessand,ligue 1,nice,Attacker,Disruptive Presser,1542.0,6.0,0.3501945525291828,44.09,38.0,2.217898832684825,0.0,0.0,40.0,40.0,40.0,0.8754863813229572,16.459143968871594,74.1,74.1,-1.537136300419224,0.7126592763193723,-0.0544727893251102,0.9952471093587868,-0.4443214372963552,-0.1280470558669675,-0.32686971618055
mostafa mohamed,ligue 1,nantes,Attacker,Disruptive Presser,2015.0,8.0,0.3573200992555831,45.57,49.0,2.1885856079404467,2.0,0.0893300248138957,45.45,45.45,45.45,1.0272952853598016,15.67741935483871,64.5,64.5,-1.2682754103572835,0.5522744339906813,-1.357669572185219,-0.1708227660533128,-0.3238576054816989,-0.1627083843678209,-0.1764063936897866
f. balogun,ligue 1,monaco,Attacker,Pure Finisher,1696.0,7.0,0.3714622641509434,31.55,44.0,2.3349056603773586,5.0,0.2653301886792453,28.21,28.21,28.21,1.3797169811320755,18.62617924528302,72.1,72.1,-0.9811839918157252,1.3143294687283091,1.4326063018045518,-1.8385102709267889,0.3722183328034003,0.7999793316121832,-1.131584624704501
c. sabaly,ligue 1,metz,Attacker,Off-Ball Disruptor,1382.0,3.0,0.195369030390738,46.02,17.0,1.1070911722141823,1.0,0.065123010130246,47.06,47.06,47.06,0.5861070911722142,23.50940665701881,78.4,78.4,-0.7280945383458248,-1.1947408357482667,0.3138173333117149,1.5618527166953329,0.0579274062508935,0.730729717609725,0.4277887223520196
m. bamba,ligue 1,lorient,Attacker,Pure Finisher,1149.0,8.0,0.6266318537859008,38.75,30.0,2.349869451697128,3.0,0.2349869451697128,39.29,39.29,39.29,1.0966057441253263,19.738903394255875,72.3,72.3,-0.4206893061313904,2.009623797186248,0.2663661836335914,-0.7609454827194155,0.4327263906194018,0.7999568073657685,0.0960300522756968
e. kroupi,ligue 1,lorient,Attacker,Off-Ball Disruptor,1076.0,5.0,0.4182156133828996,37.23,19.0,1.5892193308550189,3.0,0.2509293680297397,66.67,66.67,66.67,0.9200743494423792,21.41263940520446,77.4,77.4,0.4375449880797589,0.1772709864522777,-0.3083832538654522,0.5101274944023361,2.6243174252533152,0.6589925646774532,0.1073255028453963
m. bayo,ligue 1,le havre,Attacker,Disruptive Presser,1394.0,5.0,0.3228120516499282,42.33,34.0,2.1951219512195124,1.0,0.0645624103299856,44.74,44.74,44.74,0.8393113342898134,19.562410329985653,64.8,64.8,-1.463007888545079,0.4778662061255946,-0.8020136500629381,-0.0722566002408668,-0.2664420205783259,-0.4083899726591854,-0.2430530680527728
a. joujou,ligue 1,le havre,Attacker,Off-Ball Disruptor,766.0,0.0,0.0,36.2,12.0,1.4099216710182767,2.0,0.2349869451697128,38.0,38.0,38.0,1.0574412532637076,28.198433420365536,70.8,70.8,-0.4754298988931084,-1.380197947833211,1.1189315851518211,-0.9949121527070616,0.1092007509540374,0.6764791824771784,-0.908417614474329
j. david,ligue 1,lille,Attacker,Pure Finisher,2640.0,19.0,0.6477272727272727,40.41,65.0,2.215909090909091,4.0,0.1363636363636363,44.12,44.12,44.12,1.0909090909090908,22.125,82.0,82.0,0.0017293445077151,1.864497548317653,0.9338455916108656,0.8396383075788764,0.6619179354794065,0.5064835074040942,0.3749452749540591
t. dallinga,ligue 1,toulouse,Attacker,Pure Finisher,2517.0,14.0,0.5005959475566151,54.26,64.0,2.2884386174016687,2.0,0.0715137067938021,58.82,58.82,58.82,0.6436233611442193,21.56138259833135,67.0,67.0,-0.1682747220062213,0.8768160368173442,-2.3841254865793577,1.366598669363872,-0.4802718977425115,-0.1012861646554126,0.6900763032777292
vítinha,ligue 1,marseille,Attacker,Pure Finisher,921.0,3.0,0.2931596091205212,43.23,26.0,2.54071661237785,2.0,0.1954397394136807,50.0,50.0,50.0,1.758957654723127,18.76221498371336,73.3,73.3,0.4743731075256703,0.7171784058840328,-0.5406727566498063,-0.2624147304255277,0.3973119294351557,-0.1172624817070701,-1.198303654677302
m. terrier,ligue 1,rennes,Attacker,Off-Ball Disruptor,1533.0,7.0,0.410958904109589,49.46,26.0,1.5264187866927592,3.0,0.1761252446183953,47.06,47.06,47.06,0.9393346379647748,28.82583170254403,79.5,79.5,0.802962212962695,-0.0470046927018674,0.2085541502287073,1.147472905055307,-0.2785052814310641,1.0371287891014012,0.7621664546340935
a. nordin,ligue 1,montpellier,Attacker,Creative Technician,1253.0,5.0,0.3591380686352753,58.9,24.0,1.7238627294493216,3.0,0.2154828411811652,69.39,69.39,69.39,1.5083798882681565,25.067837190742218,77.9,77.9,2.3742323495704087,-0.4721553003451825,-2.091000318091418,1.6805670177590069,0.3042899323964771,0.5866607505906002,0.4951728533571608
e. wahi,ligue 1,lens,Attacker,Pure Finisher,1700.0,9.0,0.4764705882352941,33.56,50.0,2.647058823529412,3.0,0.1588235294117647,45.95,45.95,45.95,0.8470588235294116,14.98235294117647,72.5,72.5,-1.356606933006607,1.8883991983159647,0.129773567350666,-0.2464579812135085,1.2580096543958894,0.184846606598831,-0.8953613977031805
kylian mbappé,ligue 1,paris sg,Attacker,Pure Finisher,2159.0,27.0,1.125521074571561,45.98,91.0,3.793422880963409,7.0,0.2918017600741084,49.59,49.59,49.59,1.667438628994905,38.80963408985642,83.0,83.0,3.2915033638479083,5.038107189824635,0.6339428183700935,0.5365080569176145,-0.1445788254951535,0.0682243803284519,0.6980020195176827
i. sarr,ligue 1,marseille,Attacker,Off-Ball Disruptor,1448.0,3.0,0.18646408839779,47.69,20.0,1.2430939226519335,4.0,0.2486187845303867,35.9,35.9,35.9,1.2430939226519335,27.34806629834254,75.8,75.8,0.5110193482347832,-1.0509606150021666,0.6120196833572569,-0.2117465264124607,-0.7994179588473274,1.458587431145335,0.094903263946727
a. adams,ligue 1,montpellier,Attacker,Disruptive Presser,2264.0,8.0,0.3180212014134275,38.49,57.0,2.265901060070671,1.0,0.0397526501766784,34.15,34.15,34.15,0.715547703180212,14.86749116607774,64.9,64.9,-2.543456271759717,0.7951301550106049,-0.170957231829346,-0.4382494012705887,-0.445118814301975,-0.1869894401323842,-0.5545441564790288
i. ndiaye,ligue 1,marseille,Attacker,Off-Ball Disruptor,1624.0,3.0,0.1662561576354679,44.75,24.0,1.3300492610837438,3.0,0.1662561576354679,59.46,59.46,59.46,1.2192118226600983,30.036945812807883,82.7,82.7,1.2540503993273373,-1.235706496390122,0.4560514931723404,1.4550770381275142,0.9546310326581832,0.3731249997415642,-0.0660506306744159
joselu,la liga,real madrid,Attacker,Pure Finisher,1674.0,10.0,0.5376344086021506,50.75,48.0,2.5806451612903225,2.0,0.1075268817204301,46.15,46.15,46.15,0.6451612903225806,18.655913978494624,72.2,72.2,-0.5310694138068486,1.66316190977496,-1.2462482886362332,1.091445575083918,-0.658404107198561,0.5713310504547218,0.1202224375731105
josé arnáiz,la liga,osasuna,Attacker,Off-Ball Disruptor,921.0,2.0,0.1954397394136807,41.86,20.0,1.954397394136808,1.0,0.0977198697068403,38.46,38.46,38.46,1.3680781758957654,26.38436482084691,73.3,73.3,-0.3024589772275105,-0.241353607265482,0.7281255194322621,0.00787108082354,-0.594111722327605,-0.2455471261635749,-0.5614492177446687
adri embarba,la liga,almeria,Attacker,Off-Ball Disruptor,2485.0,3.0,0.1086519114688128,45.11,45.0,1.6297786720321932,2.0,0.0724346076458752,41.82,41.82,41.82,1.919517102615694,26.511066398390344,65.6,65.6,-0.0708505287868222,-1.2063179894730116,-0.1628692387677383,-0.7332949748827562,-0.9472478028599433,-1.0667735735384771,-0.2617266904056226
carles pérez,la liga,celta vigo,Attacker,Off-Ball Disruptor,771.0,1.0,0.1167315175097276,37.07,14.0,1.634241245136187,1.0,0.1167315175097276,43.75,43.75,43.75,1.1673151750972763,27.54863813229572,77.6,77.6,-0.2955153588924805,-0.789250829539622,1.3464845852852576,0.3436055542146041,0.4178188701698055,-0.0348503429939488,-0.7004728798379746
jaime mata,la liga,getafe,Attacker,Off-Ball Disruptor,1791.0,5.0,0.2512562814070351,39.05,24.0,1.206030150753769,1.0,0.050251256281407,53.33,53.33,53.33,0.9045226130653268,23.71859296482412,65.3,65.3,-1.2405403945923936,-1.0147255733001654,-0.4089707590208504,-0.0177696117406954,0.7200077369189719,-0.7006352518807802,0.6102512946773305
sandro ramírez,la liga,las palmas,Attacker,Off-Ball Disruptor,1818.0,1.0,0.0495049504950495,47.24,37.0,1.8316831683168315,3.0,0.1485148514851485,46.81,46.81,46.81,1.584158415841584,29.306930693069305,74.8,74.8,0.8625267756588497,-1.127050122308891,0.1239898907844604,0.3670929035514218,-0.627045657611029,-0.1090075115871212,-0.8226298554595924
marc cardona,la liga,las palmas,Attacker,Pure Finisher,724.0,4.0,0.4972375690607734,42.15,20.0,2.4861878453038675,1.0,0.1243093922651933,42.42,42.42,42.42,0.9944751381215468,27.596685082872927,74.9,74.9,-0.0294045282084685,1.487094608671807,0.4820720563747454,0.4571723727602635,-0.2890917260493906,-0.0014787762896261,-0.0550426458092223
raúl de tomás,la liga,rayo vallecano,Attacker,Off-Ball Disruptor,1277.0,1.0,0.0704776820673453,41.49,27.0,1.9028974158183245,2.0,0.1409553641346906,51.28,51.28,51.28,0.5638214565387627,18.183241973375097,76.1,76.1,-0.93537964467926,-0.6078437949788229,-0.2343897618727769,1.0106487681459115,0.7342091850129238,0.7439181971489294,-1.2131669419342206
álvaro morata,la liga,atletico madrid,Attacker,Pure Finisher,1909.0,15.0,0.7071765322158199,50.22,60.0,2.8287061288632795,3.0,0.1414353064431639,51.52,51.52,51.52,0.7071765322158199,17.585123101100052,69.5,69.5,-0.2937077513033895,2.5048344241475387,-1.8341445919985817,0.7695999786535074,-0.2083492521399957,0.4178351525503206,0.4180906842975845
rubén sobrino,la liga,cadiz,Attacker,Off-Ball Disruptor,1648.0,0.0,0.0,45.15,12.0,0.6553398058252428,1.0,0.0546116504854368,41.03,41.03,41.03,1.2014563106796117,27.141990291262136,73.6,73.6,-0.5865839633785616,-2.5298867125072246,0.7231372582231874,0.472146159425841,-0.5513697427026623,0.0913745634765282,0.3457837876448159
chris ramos,la liga,cadiz,Attacker,Disruptive Presser,2626.0,5.0,0.1713632901751713,44.24,64.0,2.1934501142421934,1.0,0.0342726580350342,29.03,29.03,29.03,0.4798172124904798,16.03960396039604,56.4,56.4,-2.9818888187445105,0.0644243408744051,-1.0943489511527196,-0.8447797100515649,-1.7571435631671863,-0.0825350131292915,-0.5746036437755169
léo baptistão,la liga,almeria,Attacker,Disruptive Presser,1932.0,6.0,0.2795031055900621,45.6,39.0,1.816770186335404,0.0,0.0,46.15,46.15,46.15,0.8850931677018634,24.782608695652176,64.4,64.4,-1.1862978081458393,-0.3025262957600452,-0.7763507423123627,0.3777067995887334,-0.7592260731676415,-0.8468753234114723,0.3657700448078342
josé luis morales,la liga,villarreal,Attacker,Disruptive Presser,1037.0,7.0,0.6075216972034715,25.0,19.0,1.6489874638379944,0.0,0.0,29.03,29.03,29.03,0.4339440694310511,17.444551591128253,72.0,72.0,-3.368003101565181,1.507831264518266,2.186189958138628,-0.4722853686244148,1.0334679508389322,-0.1457133719551218,0.7240093277688625
andré silva,la liga,real sociedad,Attacker,Disruptive Presser,728.0,3.0,0.3708791208791209,29.17,15.0,1.8543956043956045,0.0,0.0,23.81,23.81,23.81,0.6181318681318682,19.78021978021978,81.2,81.2,-2.603763568171104,0.9051922487371556,2.9317860397962625,0.4340729106078863,0.2306153661511073,0.2631508905686002,-0.3760731781724618
juanmi,la liga,cadiz,Attacker,Off-Ball Disruptor,872.0,3.0,0.3096330275229358,30.33,12.0,1.2385321100917432,1.0,0.1032110091743119,40.91,40.91,40.91,1.135321100917431,22.912844036697244,80.1,80.1,-1.0687341359153988,-0.3068401482416532,2.1891810658173,0.041526504259313,1.4294374364288644,0.1408721503722784,0.0330921817486171
borja mayoral,la liga,getafe,Attacker,Pure Finisher,2164.0,15.0,0.6238447319778189,38.97,34.0,1.4140480591497229,1.0,0.0415896487985212,45.0,45.0,45.0,0.8317929759704252,22.12569316081331,75.6,75.6,-1.099186688633242,0.7960675006471957,0.734748304277172,0.6940271717164742,0.7388817051316043,0.0057744711373212,1.430508258228998
álex berenguer,la liga,athletic club,Attacker,Off-Ball Disruptor,1579.0,7.0,0.3989867004433186,35.63,21.0,1.1969601013299558,3.0,0.1709943001899936,37.93,37.93,37.93,1.8809373020899305,25.3641545281824,62.6,62.6,-0.5417042759300718,-0.3871252301455392,0.6022183281951864,-2.251913184257865,0.2406959460049339,-0.5943401291899199,0.8244820165513123
gorka guruzeta,la liga,athletic club,Attacker,Pure Finisher,2240.0,14.0,0.5625,42.82,46.0,1.8482142857142856,5.0,0.2008928571428571,59.38,59.38,59.37,1.0848214285714286,24.147321428571427,68.3,68.3,0.3213402916798379,0.7906529534483664,-1.0585749284792916,-0.1252820331169943,1.0909229509858878,0.0324619254025419,0.8353378861404477
nico williams,la liga,athletic club,Attacker,Creative Technician,2283.0,5.0,0.1971090670170827,45.45,38.0,1.4980289093298291,11.0,0.4336399474375821,47.73,47.73,47.73,1.8528252299605783,26.057818659658345,69.9,69.9,1.7525640796987916,-0.8471971975308307,-0.4759324057266278,-1.7690751890025302,0.332139408511076,1.444209570716313,-0.4427527031715222
luis rioja,la liga,alaves,Attacker,Off-Ball Disruptor,2515.0,5.0,0.1789264413518886,45.28,34.0,1.216699801192843,4.0,0.1431411530815109,63.08,63.08,63.08,1.502982107355865,23.439363817097416,64.4,64.4,0.2391138008914589,-1.5376842397235502,-1.5447929644883835,-0.2716127088380643,0.8356639557464343,-0.6429157806008442,0.3511787466912572
hugo duro,la liga,valencia,Attacker,Disruptive Presser,2997.0,13.0,0.3903903903903904,43.06,56.0,1.6816816816816815,2.0,0.06006006006006,36.11,36.11,36.11,0.4204204204204204,16.696696696696698,71.2,71.2,-2.0552673129792423,0.377999405159298,0.0100221845822825,0.5038032876328958,-0.3783591981107301,0.7418359133717025,0.3840651505162065
diego lópez,la liga,valencia,Attacker,Off-Ball Disruptor,2671.0,3.0,0.1010857356795207,41.64,28.0,0.943466866342194,6.0,0.2021714713590415,40.58,40.58,40.58,1.31411456383377,23.78884312991389,64.7,64.7,-0.6425023634333795,-1.7492920033968895,-0.0446995414030078,-1.3346979780188268,-0.1131510640392706,0.4463940318915463,0.1510857056368958
abdón prats,la liga,mallorca,Attacker,Disruptive Presser,1255.0,6.0,0.4302788844621513,42.11,25.0,1.792828685258964,1.0,0.0717131474103585,44.44,44.44,44.44,1.00398406374502,16.709163346613547,55.0,55.0,-1.99147953222728,0.323379237297777,-1.6066058470746156,-1.2698079771397686,-0.2332290300393344,-0.6946547581287179,0.672220402956275
ferran torres,la liga,barcelona,Attacker,Pure Finisher,1202.0,7.0,0.5241264559068219,41.49,25.0,1.8718801996672207,2.0,0.1497504159733777,45.45,45.45,45.45,1.9467554076539104,31.297836938435942,78.0,78.0,1.2749800491096297,0.7073888296467604,1.1251347533096347,-0.0663297786083446,0.1866265718031126,-0.4869866672029298,0.5820984639713228
raphinha,la liga,barcelona,Attacker,Creative Technician,1370.0,6.0,0.3941605839416058,53.33,47.0,3.0875912408759127,9.0,0.5912408759124088,55.81,55.81,55.81,2.6934306569343067,38.56204379562044,75.3,75.3,5.296747446838568,1.3113419154726058,-0.9160938505939304,-1.6076966847106138,-0.3997970580694341,1.146517470153924,-1.3047090212456731
lamine yamal,la liga,barcelona,Attacker,Creative Technician,2196.0,5.0,0.2049180327868852,56.4,44.0,1.8032786885245904,5.0,0.2049180327868852,54.26,54.26,54.26,1.5573770491803278,42.04918032786885,79.8,79.8,3.003452213619996,-0.9221450170958272,-0.0686949601007168,1.4058695190144368,-1.2346264476987645,0.2405962958403905,0.2164724230601389
gerard moreno,la liga,villarreal,Attacker,Creative Technician,2231.0,10.0,0.4034065441506051,47.84,44.0,1.7749887942626623,6.0,0.242043926490363,55.84,55.84,55.84,2.218735992828328,38.68668758404303,77.8,77.8,3.033451296472923,-0.1557644625828015,0.38205169241073,0.0524911693521839,0.02660637585086,-0.3834659950747923,0.5119265005859656
ilias akhomach,la liga,villarreal,Attacker,Off-Ball Disruptor,1512.0,2.0,0.119047619047619,46.62,17.0,1.011904761904762,2.0,0.119047619047619,49.57,49.57,49.57,1.25,26.369047619047617,77.3,77.3,0.2959264659760359,-1.739000735701071,0.2760842243976423,0.8711860584533756,0.086753228893742,0.3764600939615348,0.2340605265012343
vinícius júnior,la liga,real madrid,Attacker,Pure Finisher,1875.0,15.0,0.72,44.37,62.0,2.976,5.0,0.24,40.62,40.62,40.62,1.536,29.904,72.3,72.3,1.192475425465797,2.755636205189072,0.1230399699396866,-0.5987619101076405,-0.6208162028348759,0.0976299972686041,0.1585330605840048
rodrygo,la liga,real madrid,Attacker,Creative Technician,2390.0,10.0,0.3765690376569037,47.23,67.0,2.5230125523012554,5.0,0.1882845188284518,46.88,46.88,46.87,1.7322175732217573,36.18828451882845,87.7,87.7,2.4592666651106527,0.894700276023149,1.3555025080279817,1.3597051304076229,-0.4475847986010385,0.1582435839908652,-0.5795756993225647
jorge de frutos,la liga,rayo vallecano,Attacker,Disruptive Presser,1540.0,2.0,0.1168831168831168,45.34,23.0,1.344155844155844,0.0,0.0,37.5,37.5,37.5,0.9935064935064936,24.48701298701299,71.2,71.2,-1.2362623397409571,-1.272748374350268,0.3820936218833409,0.6046157664173943,-1.020318922260028,-0.2372097904017024,0.1020277053525351
iago aspas,la liga,celta vigo,Attacker,Creative Technician,2715.0,9.0,0.2983425414364641,48.84,61.0,2.022099447513812,10.0,0.3314917127071823,70.0,70.0,70.0,3.016574585635359,37.92265193370166,72.7,72.7,4.3295235779167305,-0.5476994211790693,-0.9014325466709084,-0.836718667439943,0.73918121001455,-1.0940323337515432,-0.2020040391671673
carlos vicente,la liga,alaves,Attacker,Off-Ball Disruptor,1119.0,2.0,0.1608579088471849,45.56,13.0,1.0455764075067024,4.0,0.3217158176943699,40.54,40.54,40.54,2.734584450402145,20.83109919571045,56.3,56.3,0.7478160882696112,-1.6975019409078087,-1.1524942577033896,-3.487812258468889,-0.4379532818721986,-0.0748531932256355,0.1373585561482045
mikel oyarzabal,la liga,real sociedad,Attacker,Disruptive Presser,2156.0,9.0,0.37569573283859,38.24,27.0,1.12708719851577,3.0,0.1252319109461966,36.0,36.0,36.0,0.8766233766233766,20.57977736549165,73.6,73.6,-1.379010680094929,-0.2754524677975,1.0209407601095206,-0.2373040313084645,0.323205510755041,0.7676669830173197,0.6885979092642651
gonçalo guedes,la liga,villarreal,Attacker,Creative Technician,948.0,3.0,0.2848101265822785,48.57,17.0,1.6139240506329111,2.0,0.1898734177215189,62.5,62.5,62.5,1.8037974683544304,28.48101265822785,76.6,76.6,1.87123893806272,-0.7115355911112249,-0.6350364589209115,0.6768116691176349,0.654827195130962,-0.1856400462541624,0.1624300156975338
sávio,la liga,girona,Attacker,Creative Technician,2992.0,9.0,0.2707219251336898,53.2,34.0,1.0227272727272727,10.0,0.3008021390374331,53.33,53.33,53.33,1.624331550802139,27.9144385026738,76.3,76.3,1.9757622254408664,-1.3297463937879146,-0.6236851181931341,0.1453942075189492,-0.0019604425951431,1.319568155524086,0.7098804590555582
