Player Name,League,Club,Position,Tactical Role,Minutes Played,Short Pass Accuracy %,Medium Pass Accuracy %,Long Pass Accuracy %,Goals per 90,Assists per 90,Total Pass Accuracy %,Tackles Success %,Dribblers Tackled,Blocks per 90,Shots Blocked per 90,Passes Blocked per 90,Clearances per 90,Errors per 90,Aggressive High Block Engagement,Transition Ability (Interceptions-Passing),Area Clearance & Box Protection,Build-up Ability,1v1 Ability,Compactness & Shot Blocks,Overall Defensive Workload Index,Vertical Passing / Line-Breaking,Low-Tempo Defensive Coverage,Mid-Third Engagements,Long Passing Ability - Pressured Duel Success,Errors Under Pressure,Area Variety in Tackling,Structured Passing in Tactical Mid-Blocks,Defensive Stress Indicators & Rescue Actions,Passing Reliability Across Areas,Defensive Energy & Effort Radar
F. Fazio,Serie A,Salernitana,Defender,Positional Defender,1355,0.840206186,0.818867925,0.509259259,0.066420664,0,0.763888889,0.785714286,8,1.461254613,1.26199262,0.199261993,6.575645756,0.066420664,0.1113212,0.508491617,0.799027075,0.57761128,0.827598804,0.454128043,0.575993995,0.311075914,0.457629778,0.802236788,0.412446052,0.464094881,0.562380932,0.385561202,0.198286718,0.579250578,0.789996234
Mário Rui,Serie A,Napoli,Defender,Ball-Winning Full-Back,1208,0.908866995,0.843317972,0.546961326,0,0.149130075,1.026252983,0.882352941,14,1.267605634,0.149130075,1.118475559,1.416735708,0,0.588441364,0.396260174,0.40881543,0.404879257,0.454108346,0.601835434,0.101979983,0.306963887,0.671089881,0.442619077,0.56895427,0.119256472,0.678707442,0.546390989,0.122094428,0.82544385,0.855872644
D. D'Ambrosio,Serie A,Monza,Defender,Defensive Anchor / Stopper,1534,0.957446809,0.938162544,0.596774194,0,0,0.923584906,1,28,1.291585127,0.763209393,0.528375734,1.819960861,0,0.592337944,0.684357886,0.13456315,0,0.711664112,0.458801766,0.218037317,0.156150132,0.413196341,0.489603104,0.354730359,0.511469747,0.275747607,0.670157857,0.103506803,0.726445934,0.837791435
Pedro Pereira,Serie A,Monza,Defender,Ball-Winning Full-Back,833,0.918803419,0.81025641,0.438596491,0,0.215827338,0.983050847,0.928571429,9,1.618705036,0.215827338,1.402877698,1.942446043,0,0.635098082,0.320974518,0.668984313,0.17918727,0.517054282,0.693419502,0.163569822,0.308842939,0.644445425,0,0.158258974,0.240093786,0.700028261,0.540957211,0.113705887,0.533374314,0.865354949
A. Florenzi,Serie A,AC Milan,Defender,Ball-Winning Full-Back,1729,0.94335512,0.874759152,0.576,0.05205321,0.20821284,1.007640879,0.807692308,26,0.832851359,0.46847889,0.36437247,1.301330249,0.05205321,0.521726276,0.366256093,0.134791709,0.385551778,0.459676275,0.357843632,0.168017788,0.314162425,0.338190203,0.322783708,0.284095283,0.173464133,0.431501779,0.524421522,0.146842284,0.798618925,0.820650418
D. Calabria,Serie A,AC Milan,Defender,Defensive Anchor / Stopper,2196,0.909228442,0.886956522,0.589403974,0.041002278,0.123006834,1.016166282,1,44,1.066059226,0.287015945,0.77904328,2.009111617,0.041002278,0.672061554,0.500296561,0.186417292,0.301675508,0.527011938,0.488666662,0.261015749,0.256166539,0.312184504,0.339264822,0.418444209,0.379412477,0.616604648,0.65880124,0.130470531,0.711379869,0.846158654
R. Tolói,Serie A,Atalanta,Defender,Ball-Winning Full-Back,961,0.91943128,0.882352941,0.438356164,0,0,0.864970646,1.285714286,14,0.842872008,0.374609781,0.468262227,2.715920916,0,0.49285237,0.366735612,0.26715448,0.583028947,0.494499257,0.518747235,0.049359256,0.13514672,0.220426217,1,0.427188274,0.220801735,0.808443491,0.700132449,0.187874422,0.745656959,0.789082988
P. Hatzidiakos,Serie A,Cagliari,Defender,Positional Defender,867,0.968992248,0.836842105,0.588235294,0,0,0.874666667,0.833333333,10,1.453287197,0.519031142,0.934256055,3.114186851,0.103806228,0.453058059,0.576812153,0.349719315,0.389484763,0.428562893,0.555103186,0.053384735,0.126296862,0.437503295,0.396956499,0.274910303,0.6673678,0.627499908,0.169202884,0.091223602,0.382682545,0.887102084
F. Ebosele,Serie A,Udinese,Defender,Ball-Winning Full-Back,1704,0.769230769,0.657718121,0.529411765,0,0,0.882539683,0.869565217,21,1.742957746,0.105633803,1.637323944,1.426056338,0,0.671022224,0.305448774,1,0.511545125,0.627979335,0.79191541,0.250486124,0.206321741,0.620511808,0.14049381,0.840841108,0.629587413,0.436418839,0.496377395,0.107708923,0.397948596,0.868851042
N. Pérez,Serie A,Udinese,Defender,Positional Defender,3240,0.890740741,0.865357644,0.511551155,0,0,0.863667348,1.142857143,39,1.472222222,0.722222222,0.75,4.388888889,0.027777778,0.377137812,0.587058026,0.526620357,0.430251766,0.722387379,0.660628039,0.32961159,0.243543368,0.593393602,0.647925173,0.343901501,0.558903557,0.636204215,0.546314053,0.121405353,0.556559372,0.860663891
N. Gyömbér,Serie A,Salernitana,Defender,Positional Defender,1763,0.887596899,0.895721925,0.575757576,0,0,0.852503383,0.6,20,1.684628474,1.174134997,0.510493477,3.930799773,0.102098695,0.248435937,0.582509681,0.661593043,0.402628072,0.624068224,0.470512844,0.18985493,0.21290348,0.346488231,0.348735131,0.431822771,0.33953081,0.352185154,0.611325844,0.150839817,0.723143517,0.801704031
Danilo,Serie A,Juventus,Defender,Positional Defender,2450,0.932758621,0.915938865,0.643564356,0.036734694,0.036734694,0.918061166,0.947368421,32,1.248979592,0.551020408,0.697959184,3.453061224,0,0.387829388,0.589887175,0.27148718,0.36682945,0.591700333,0.564307856,0.314727174,0.230795808,0.592697462,0.4659944,0.466408015,0.381537812,0.642142345,0.460221267,0.127291512,0.640622547,0.844357559
Alex Sandro,Serie A,Juventus,Defender,Positional Defender,716,0.935,0.907749077,0.588235294,0.125698324,0,0.979550102,1,4,1.634078212,0.879888268,0.754189944,2.891061453,0,0.272542504,0.581527961,0.385663397,0.630971866,0.31213817,0.627978769,0.425720595,0.147297935,0.538524495,0.523129418,0.265708548,0.492434726,0.384197659,0.507503852,0.135181934,0.707726416,0.834761342
Ruan Tressoldi,Serie A,Sassuolo,Defender,Ball-Playing Centre-Back,1513,0.871559633,0.891008174,0.725274725,0,0,0.898484848,1.363636364,10,1.070720423,0.892267019,0.178453404,4.04494382,0.118968936,0.222738856,0.451629372,0.318275262,0.639449516,0.635886561,0.724597152,0.289124681,0.276244375,0.166099868,0.728238351,0.601452131,0.336149146,0.538734495,0.461589063,0.336270216,0.819951199,0.640499414
J. Sambia,Serie A,Salernitana,Defender,Ball-Winning Full-Back,1030,0.894957983,0.741758242,0.603174603,0.087378641,0.174757282,0.982673267,0.625,6,1.310679612,0.611650485,0.699029126,2.446601942,0,0.344316531,0.238416845,0.610159554,0.543568284,0.357086446,0.419035648,0.2780085,0.354886682,0.502031967,0.559982989,0.590075266,0.185143376,0.486496487,0.07464979,0.155249133,0.800485173,0.857168936
G. Ferrari,Serie A,Sassuolo,Defender,Ball-Playing Centre-Back,2267,0.898203593,0.893118594,0.574297189,0.039700044,0,0.869529984,0.909090909,12,1.111601235,0.67490075,0.436700485,3.017203352,0,0.162007192,0.30178468,0.484123216,0.542450501,0.512323402,0.531346073,0.210969434,0.188654132,0.465588199,0.643599448,0.501899793,0.548812096,0.5451833,0.668140331,0.128397442,0.592098162,0.868507346
F. Daniliuc,Serie A,Salernitana,Defender,Defensive Anchor / Stopper,742,0.872222222,0.923529412,0.692307692,0,0,0.925925926,0.916666667,9,1.576819407,0.485175202,1.091644205,1.819407008,0,0.527285607,0.509313957,0.453576007,0.315007652,0.502541799,0.753925814,0.194625089,0.171796848,0.313649665,0.212617124,0.716733074,0.290763518,0.51552572,0.814684738,0.137567746,0.797951667,0.833581408
I. Monterisi,Serie A,Frosinone,Defender,Ball-Playing Centre-Back,1465,0.892857143,0.84787472,0.487804878,0.122866894,0.122866894,0.856837607,0.928571429,12,1.351535836,1.105802048,0.245733788,3.870307167,0,0.264747968,0.328014087,0.606139261,0.292589069,0.620070468,0.375597502,0.571040067,0.319883766,0.394909115,0.731746664,0.268728251,0.36248897,0.387675695,0.542953901,0.189502161,0.633999812,0.789708433
A. Oyono,Serie A,Frosinone,Defender,Defensive Anchor / Stopper,1197,0.929378531,0.793103448,0.489795918,0,0.07518797,1.070247934,1.238095238,23,1.278195489,0.22556391,1.052631579,2.406015038,0,0.699845346,0.48606536,0.381924463,0.187278228,0.69334246,0.654049537,0.248752358,0.208886534,0.57143992,0.363156137,0.237937988,0.530438607,0.630312463,0.347741125,0.105562633,0.54928381,0.863449655
G. Magnani,Serie A,Verona,Defender,Positional Defender,2441,0.838565022,0.884990253,0.592274678,0,0,0.805128205,0.782608696,15,1.84350676,1.032363785,0.811142974,4.350675952,0,0.188700843,0.568543699,0.753376032,0.679034701,0.53370927,0.704672789,0.265762478,0.292722028,0.499167323,0.556921921,0.558763871,0.473596724,0.495315808,0.696769783,0.151998236,0.698733107,0.821676156
B. Amione,Serie A,Verona,Defender,Positional Defender,580,0.838383838,0.863636364,0.454545455,0,0,0.803703704,0.333333333,4,0.620689655,0.310344828,0.310344828,2.948275862,0.310344828,0.343895286,0.443942202,0.461876409,0.747379702,0.68693111,0.086452088,0.01680686,0.196205837,0.577480577,0.453836259,0.703759898,0.535086836,0.605803934,0.923455198,0.133748822,0.583104853,0.838893506
R. Karsdorp,Serie A,AS Roma,Defender,Ball-Winning Full-Back,1216,0.877300613,0.813229572,0.571428571,0,0.148026316,1.01682243,1.636363636,16,0.962171053,0.296052632,0.666118421,1.184210526,0,0.561088452,0.296952202,0.311452168,0.314526968,0.705746054,0.700146269,0.314345157,0.400424565,0.688987119,0.859940778,0.631599635,0.253961049,0.46288712,0.565629375,0.1507252,0.849306749,0.832529101
Pol Lirola,Serie A,Frosinone,Defender,Ball-Winning Full-Back,1539,0.885630499,0.782258065,0.528089888,0.116959064,0.058479532,0.901134522,1.285714286,17,0.701754386,0.058479532,0.643274854,2.397660819,0.058479532,0.509578107,0.298583409,0.286153111,0.658280842,0.566052533,0.551119235,0.452420454,0.174279835,0.508820886,0.394386258,0.35025911,0.594863981,0.638787905,0.405669562,0.151064863,0.625099491,0.840389962
M. Pedersen,Serie A,Sassuolo,Defender,Ball-Winning Full-Back,1604,0.883792049,0.797153025,0.494252874,0,0.112219451,1.132796781,0.96,21,1.066084788,0.280548628,0.78553616,2.86159601,0,0.555851273,0.325232858,0.533270427,0.322932925,0.738607075,0.573421368,0.247472457,0.286157067,0.546170843,0.461130448,0.493513071,0.11930672,0.726251616,0.454642524,0.259871753,0.672795431,0.719412271
M. Vojvoda,Serie A,Torino,Defender,Ball-Winning Full-Back,1372,0.886486486,0.822115385,0.515384615,0,0.196793003,0.959697733,1.142857143,11,0.787172012,0.131195335,0.655976676,1.836734694,0,0.434680009,0.145907845,0.399635859,0.591635652,0.450778513,0.536504246,0.056773007,0.358447453,0.448330228,0.541101204,0.469813263,0.278496368,0.749469768,0.611499372,0.1630653,0.79250418,0.835236022
F. Centonze,Serie A,Verona,Defender,Defensive Anchor / Stopper,675,0.797101449,0.731092437,0.325,0,0.133333333,1.014285714,0.8,5,1.866666667,0.266666667,1.6,2.4,0,0.649255824,0.456055256,0.971681939,0.696247797,0.509123227,0.647517938,0.1856573,0.329894979,0.759575543,0.206933332,0.38054342,0.53690616,0.584742655,0.795473569,0.101245243,0.457198531,0.850601303
A. Dossena,Serie A,Cagliari,Defender,Positional Defender,2978,0.861111111,0.877941176,0.58302583,0.060443251,0.120886501,0.804012346,0.813953488,32,1.511081263,0.815983882,0.695097381,5.198119543,0.060443251,0.27584455,0.552866822,0.620594018,0.524373942,0.650183692,0.544222914,0.494139064,0.380320067,0.584415133,0.331379537,0.387362465,0.384780983,0.680898908,0.539696105,0.154562239,0.611369537,0.824430932
E. Valeri,Serie A,Frosinone,Defender,Ball-Winning Full-Back,1178,0.829145729,0.616161616,0.341880342,0,0.076400679,0.947222222,1.6,10,1.069609508,0.229202037,0.84040747,1.680814941,0,0.661541731,0.146356845,0.73904284,0.686396296,0.789254375,0.879620189,0.29088603,0.238116682,0.50103676,0.582484892,0.292676992,0.177855912,0.441835161,0.262090517,0.19309269,0.746049475,0.806946941
P. Schuurs,Serie A,Torino,Defender,Defensive Anchor / Stopper,771,0.909677419,0.939698492,0.658536585,0.116731518,0,0.8975,1.090909091,3,1.167315175,0.233463035,0.93385214,2.684824903,0,0.489329016,0.512697379,0.226335876,0.328783825,0.513369317,0.602321378,0.510031988,0.133724463,0.531708798,0.328529435,0.542829807,0.549874599,0.701384383,0.712613433,0.128680135,0.658290498,0.850604667
A. Masina,Serie A,Torino,Defender,Ball-Playing Centre-Back,1021,0.911196911,0.867507886,0.606557377,0,0,0.884126984,1.5,5,1.057786484,0.528893242,0.528893242,2.64446621,0,0.352664791,0.334577296,0.336788088,0.497505248,0.631904426,0.847362667,0.227840922,0.158322729,0.307297854,0.431908954,0.314377921,0.414122293,0.540411153,0.515022139,0.174885282,0.723056804,0.800133993
C. Biraghi,Serie A,Fiorentina,Defender,Ball-Winning Full-Back,2359,0.918269231,0.78597786,0.458823529,0.076303518,0.190758796,1.055513308,1.4,28,1.144552777,0.190758796,0.953793981,1.640525646,0,0.598234432,0.207550428,0.427937975,0.37216433,0.424650526,0.620510719,0.303773747,0.269206948,0.419848887,0.329170127,0.117823334,0.502793818,0.624635492,0.473060949,0.139959375,0.593471533,0.855026607
S. Walukiewicz,Serie A,Empoli,Defender,Positional Defender,2054,0.849206349,0.897707231,0.621621622,0,0,0.83201581,0.848484848,28,2.190847128,1.358325219,0.832521908,5.301850049,0,0.245144485,0.55311563,0.931344724,0.238583679,0.713845002,0.805667285,0.421198831,0.250830515,0.197929493,0.206359233,0.401164923,0.288806414,0.469886963,0.635579785,0.183973548,0.607515262,0.769335415
G. Zappa,Serie A,Cagliari,Defender,Ball-Winning Full-Back,2555,0.875426621,0.775590551,0.427272727,0.035225049,0.105675147,0.954333644,1.068965517,29,1.021526419,0.176125245,0.845401174,2.641878669,0.070450098,0.595975917,0.295107207,0.52144209,0.452790479,0.618225538,0.516817146,0.267350244,0.26038715,0.512599572,0.626263584,0.446570793,0.307813188,0.754093627,0.520423839,0.158289959,0.629755015,0.81380093
Y. Mina,Serie A,Cagliari,Defender,Ball-Playing Centre-Back,1218,0.881944444,0.883161512,0.535087719,0.147783251,0,0.802867384,0.928571429,13,1.699507389,1.034482759,0.665024631,5.689655172,0,0.210712565,0.438862791,0.780916786,0.147021805,0.713638115,0.500691463,0.777662166,0.217785763,0.538191649,0.640493366,0.400771431,0.540169326,0.660364798,0.541645382,0.176992011,0.495741283,0.812034441
N. Zortea,Serie A,Frosinone,Defender,Ball-Winning Full-Back,1260,0.859848485,0.746031746,0.5,0.071428571,0.357142857,6.333333333,1.75,10,0.928571429,0.357142857,0.571428571,2.071428571,0.071428571,0.501925605,0.011141393,0.503625916,0.448374288,0.517726514,0.660455018,0.414441671,0.504637105,0.247375221,0.164198668,0,0.613928372,0.563854567,0.528883401,0.652619471,0.454629014,0.253503632
A. Obert,Serie A,Cagliari,Defender,Positional Defender,937,0.888888889,0.85786802,0.57,0,0,0.859122402,1.125,8,1.248665955,0.672358591,0.576307364,3.93810032,0.096051227,0.331240752,0.537896566,0.389370913,0.858801966,0.471827806,0.696574042,0.139771196,0.19844444,0.259810223,0.545297857,0.32827028,0.439317434,0.646112704,0.462281442,0.164575961,0.743851891,0.812549637
E. Hysaj,Serie A,Lazio,Defender,Ball-Winning Full-Back,1195,0.913242009,0.852233677,0.525641026,0,0,0.975376197,1.75,15,1.205020921,0.451882845,0.753138075,2.334728033,0,0.474589975,0.40868193,0.331568268,0.563080154,0.482578837,0.770553051,0.142852683,0.157935921,0.325249711,0.728604412,0.339849502,0.48128429,0.607126937,0.558427105,0.154781914,0.736050213,0.825691432
Mario Gila,Serie A,Lazio,Defender,Ball-Playing Centre-Back,1814,0.939958592,0.934819897,0.745856354,0,0,0.918512658,0.608695652,19,1.339581036,0.694597574,0.644983462,3.42337376,0,0.22274742,0.460620208,0.391433612,0.323988208,0.470703015,0.550250035,0.091046105,0.166114209,0.318402903,0.261958035,0.596164668,0.38644466,0.639738348,0.417249157,0.137520201,0.666961935,0.845292978
B. Djimsiti,Serie A,Atalanta,Defender,Positional Defender,2832,0.879279279,0.928735632,0.727272727,0,0.031779661,0.91908976,0.827586207,19,1.684322034,1.048728814,0.63559322,3.177966102,0,0.155278116,0.582523198,0.492550968,0.579837134,0.50036927,0.728469345,0.246216402,0.32561735,0.556162113,0.504529918,0.613918851,0.410855326,0.327354443,0.619484227,0.040935728,0.825865463,0.930344191
R. Bellanova,Serie A,Torino,Defender,Ball-Winning Full-Back,3065,0.89037037,0.803953871,0.573684211,0.029363785,0.205546493,1.099018733,1.733333333,18,0.616639478,0.117455139,0.499184339,1.057096248,0.088091354,0.406224545,0.091322663,0.29139479,0.411374531,0.680869816,0.687411733,0.323149252,0.401197347,0.728633664,0.493473708,0.411924135,0.440307624,0.484632636,0.535240241,0.152207351,0.707984356,0.841085842
I. Hien,Serie A,Atalanta,Defender,Positional Defender,930,0.822580645,0.946996466,0.785714286,0,0.096774194,0.920529801,1.5,7,1.161290323,0.483870968,0.677419355,3.193548387,0,0.332026055,0.475017724,0.285462146,0.558827562,0.623019937,0.837977826,0.388016205,0.405069243,0.390764153,0.300548995,0.654325648,0.710312227,0.588059823,0.912469143,0.175090875,0.653766564,0.776222354
G. Scalvini,Serie A,Atalanta,Defender,Positional Defender,2555,0.895977809,0.856913183,0.464968153,0.035225049,0.105675147,0.842384106,1.137931034,19,1.549902153,0.598825832,0.951076321,2.500978474,0,0.459223107,0.57775569,0.444344511,0.734861504,0.420847436,0.697962424,0.255665755,0.306380751,0.698203734,0.611626141,0.257103466,0.317592769,0.503862038,0.632489356,0.120431727,0.78152995,0.853545309
Pablo Marí,Serie A,Monza,Defender,Ball-Playing Centre-Back,2617,0.933481153,0.960292581,0.74516129,0,0,0.919186047,0.735294118,22,1.37562094,0.859763088,0.515857853,3.954910203,0.034390524,0.127594666,0.523924614,0.39014437,0.388721326,0.603102558,0.680203952,0.226518198,0.21652146,0.496034188,0.288202366,0.513965141,0.301756907,0.566466031,0.465061472,0.150074181,0.783527161,0.832006566
F. Parisi,Serie A,Fiorentina,Defender,Ball-Winning Full-Back,1453,0.907284768,0.851485149,0.656565657,0,0.061940812,0.995203837,1.363636364,15,1.300757054,0.309704061,0.991052994,1.610461115,0,0.504721026,0.414339179,0.317639389,0.351333175,0.433678946,0.664282026,0.15869172,0.295569655,0.599354093,0.911024418,0.79569858,0.396940794,0.619983126,0.454305606,0.119778382,0.733458917,0.874614716
M. Viti,Serie A,Sassuolo,Defender,Positional Defender,984,0.872928177,0.896551724,0.526315789,0.091463415,0,0.926940639,1.071428571,10,1.829268293,0.914634146,0.914634146,4.024390244,0,0.461689942,0.544431542,0.652671089,0.314897054,0.541677953,0.649277593,0.526945269,0.18006137,0.282059754,0.597396648,0.432558751,0.27220125,0.594084628,0.724609674,0.178757531,0.787444474,0.793573996
J. Cabal,Serie A,Verona,Defender,Defensive Anchor / Stopper,1497,0.866013072,0.754966887,0.444444444,0,0,0.931893688,1.421052632,18,1.803607214,0.541082164,1.26252505,3.306613226,0.120240481,0.579886573,0.600561435,0.673720739,0.582057103,0.633540845,0.866058361,0.331197601,0.23666535,0.712256978,0.696602298,0.355594146,0.490726103,0.554054886,0.368390051,0.121878623,0.468121997,0.865384764
A. Cambiaso,Serie A,Juventus,Defender,Ball-Winning Full-Back,2389,0.913274336,0.86,0.701923077,0.075345333,0.113017999,0.958135109,1.304347826,25,1.054834659,0.113017999,0.94181666,0.979489326,0.037672666,0.54032431,0.218271618,0.275836214,0.235883159,0.458533609,0.738706861,0.361482599,0.233338822,0.432400919,0.340708239,0.632993432,0.237820479,0.608948178,0.485454662,0.153463916,0.684955201,0.836635068
F. Gatti,Serie A,Juventus,Defender,Ball-Playing Centre-Back,2641,0.909473684,0.916292975,0.632768362,0.136312003,0,0.897613549,1.1875,19,0.88602802,0.511170011,0.374858008,3.067020068,0.034078001,0.22033393,0.249439667,0.329397441,0.425377814,0.54881839,0.565551115,0.529701172,0.131423298,0.396788562,0.488509613,0.458750706,0.4952466,0.606115259,0.640590333,0.185521853,0.633016213,0.816280875
S. de Vrij,Serie A,Inter,Defender,Ball-Playing Centre-Back,1578,0.945945946,0.945848375,0.71875,0.057034221,0,0.992545261,1,8,1.254752852,0.570342205,0.684410646,2.908745247,0,0.136788573,0.43665944,0.303904086,0.449118209,0.555243062,0.818585898,0.391065091,0.205768994,0.82746642,0.493686791,0.528796893,0.299115546,0.568908251,0.449914211,0.144952913,0.867079855,0.852129181
D. Dumfries,Serie A,Inter,Defender,Ball-Winning Full-Back,1640,0.831884058,0.791044776,0.585714286,0.219512195,0.219512195,1.018242123,1.444444444,9,0.823170732,0.329268293,0.493902439,1.81097561,0.054878049,0.430766484,0.124416798,0.410870056,0.567239191,0.479930953,0.453703805,0.78778091,0.383737117,0.496718574,0.414014745,0.475936205,0.500799967,0.411182922,0.619587681,0.08887227,0.720777856,0.898677507
M. Darmian,Serie A,Inter,Defender,Ball-Winning Full-Back,2414,0.90619469,0.913256956,0.576388889,0.074565037,0.037282519,0.98498749,0.956521739,20,1.006628003,0.410107705,0.596520298,2.050538525,0,0.452238633,0.270261895,0.34579534,0.286682155,0.469117838,0.479050413,0.281077891,0.154985762,0.243359492,0.652913766,0.611406711,0.252489091,0.671233931,0.780108017,0.192256411,0.736795522,0.792512799
F. Dimarco,Serie A,Inter,Defender,Ball-Winning Full-Back,2105,0.914972274,0.794297352,0.526066351,0.213776722,0.256532067,1.056584362,1.315789474,17,0.7695962,0.128266033,0.641330166,1.45368171,0.042755344,0.58547878,0.153812595,0.256727388,0.286882021,0.448105831,0.362851767,0.706584405,0.36090864,0.637197046,0.629602186,0.398571154,0.242250366,0.598439464,0.386449881,0.188846672,0.657953602,0.802768471
Angeliño,Serie A,AS Roma,Defender,Ball-Winning Full-Back,1148,0.901754386,0.778169014,0.504065041,0,0.078397213,0.956217163,0.916666667,11,0.862369338,0.391986063,0.470383275,2.900696864,0.078397213,0.436391968,0.321677956,0.42035721,0.516334153,0.651631134,0.463256388,0.139361517,0.260458856,0.482787475,0.66671764,0.453787108,0.331739792,0.632717282,0.300294951,0.156560456,0.707568057,0.841693288
Z. Çelik,Serie A,AS Roma,Defender,Defensive Anchor / Stopper,666,0.879746835,0.846715328,0.580645161,0,0,1.071698113,1.6,14,1.621621622,0.675675676,0.945945946,3.378378378,0,0.724868501,0.61815403,0.380268162,0.329598189,0.595829172,0.846421211,0.334529174,0.187493756,0,0.61823307,0.363232958,0.402951415,0.609741539,0.525931821,0.164707375,0.639621758,0.814706052
L. Gianetti,Serie A,Udinese,Defender,Positional Defender,630,0.9125,0.920731707,0.75,0.142857143,0,0.885521886,0.571428571,4,1.428571429,0.857142857,0.571428571,5.571428571,0,0.085510836,0.677468657,0.36565637,1,0.268761243,0.530808234,0.455296095,0.18997864,0.402708839,0.282729895,0.473059063,0.268915087,0.745852846,0.185868076,0.165503596,0.715434966,0.828563096
J. Zemura,Serie A,Udinese,Defender,Ball-Winning Full-Back,1031,0.865168539,0.633027523,0.333333333,0.087293889,0,0.861209964,1.230769231,11,0.436469447,0.087293889,0.349175558,1.833171678,0,0.686964833,0.280498686,0.381041149,0.776449404,0.813197906,0.442959426,0.390599246,0.118992584,0.556888333,0.796865924,0.369010095,0.271167442,0.445455456,0.152965652,0.18154624,0.669756782,0.806850839
H. Kamara,Serie A,Udinese,Defender,Ball-Winning Full-Back,2240,0.869436202,0.768488746,0.456140351,0.040178571,0.040178571,0.950871632,1.230769231,25,1.165178571,0.080357143,1.084821429,2.651785714,0,0.582925215,0.355205792,0.551899453,0.566023887,0.644813391,0.739417228,0.344190571,0.198688272,0.669940236,0.503865369,0.452779953,0.317402586,0.747678568,0.45715975,0.150990601,0.627513471,0.845517462
K. Ehizibue,Serie A,Udinese,Defender,Defensive Anchor / Stopper,954,0.840336134,0.678571429,0.44,0,0.094339623,0.849514563,0.875,11,1.981132075,0.283018868,1.698113208,3.396226415,0,0.6712124,0.450661898,0.998520844,0.373122375,0.600734104,0.691970707,0.27165198,0.299078879,0.746017097,0.324955417,0.547775338,0.380136276,0.737189008,0.219464969,0.104780778,0.473916448,0.893034158
T. Kristensen,Serie A,Udinese,Defender,Positional Defender,2096,0.853420195,0.79197995,0.583333333,0,0.042938931,0.869908016,0.96,21,1.245229008,0.858778626,0.386450382,5.066793893,0,0.270478598,0.470023101,0.610919906,0.62565511,0.805274736,0.648375628,0.361981486,0.313302295,0.400572915,0.440801041,0.374934883,0.43198103,0.555309467,0.276532026,0.176530844,0.666614148,0.800326643
Juan Jesus,Serie A,Napoli,Defender,Ball-Playing Centre-Back,2118,0.929389313,0.943157895,0.74,0.042492918,0,0.914843288,0.678571429,23,0.97733711,0.509915014,0.467422096,2.847025496,0.042492918,0.283559167,0.432636157,0.232166922,0.35888786,0.523453946,0.469421114,0.206299841,0.150204421,0.340656515,0.285184633,0.635006463,0.408321742,0.605522858,0.538161127,0.144781775,0.74265791,0.83898512
L. Spinazzola,Serie A,AS Roma,Defender,Ball-Winning Full-Back,1312,0.900900901,0.801608579,0.549019608,0.068597561,0.137195122,1.010670732,0.7,8,0.548780488,0.137195122,0.411585366,1.028963415,0,0.362813808,0.043941195,0.384661955,0.405100645,0.56579971,0.375036894,0.206312033,0.235373232,0.521743269,0.263097023,0.463021903,0.489196933,0.482546005,0.539161464,0.150407788,0.679461732,0.83613873
Amir Rrahmani,Serie A,Napoli,Defender,Ball-Playing Centre-Back,2603,0.947164948,0.94470478,0.710382514,0.103726469,0,0.938454419,1.588235294,16,0.829811756,0.345754898,0.484056857,3.111794084,0,0.202379494,0.289801927,0.175717839,0.303374571,0.685603283,0.831009565,0.592365352,0.162702482,0.680542332,0.48796115,0.437070502,0.392628008,0.694651051,0.48741965,0.175156384,0.689372837,0.812027767
M. Olivera,Serie A,Napoli,Defender,Defensive Anchor / Stopper,1573,0.940438871,0.871921182,0.636363636,0.057215512,0.057215512,1.033299697,1,23,2.002542912,0.343293071,1.659249841,1.430387794,0,0.694259016,0.64410126,0.432144053,0.120809013,0.328044898,0.70603476,0.302701813,0.202408557,0.717799348,0.424303269,0.608903254,0.34489402,0.572578618,0.429601158,0.07263829,0.640826137,0.909767495
Aarón Martín,Serie A,Genoa,Defender,Ball-Winning Full-Back,1381,0.902777778,0.744493392,0.421875,0,0.065170167,0.98853211,1.428571429,9,0.782041999,0.260680666,0.521361332,0.977552498,0,0.509906343,0.136277048,0.428343584,0.520938976,0.543297178,0.52137284,0.027051558,0.18762881,0.393620814,0.793165772,0.398476496,0.428644369,0.481276706,0.447297809,0.159885413,0.77627332,0.837700984
M. Bani,Serie A,Genoa,Defender,Ball-Playing Centre-Back,2310,0.912921348,0.909556314,0.524861878,0.077922078,0,0.844600527,0.555555556,11,1.987012987,1.207792208,0.779220779,4.519480519,0.038961039,0.120863221,0.438544298,0.829038954,0.338696955,0.365289577,0.46604184,0.311514258,0.186371501,0.399138113,0.706357322,0.424784234,0.430461859,0.577710617,0.59861755,0.160633503,0.578158495,0.840984469
M. Erlić,Serie A,Sassuolo,Defender,Ball-Playing Centre-Back,2626,0.859943978,0.892255892,0.530864198,0.034272658,0,0.81,0.846153846,20,1.062452399,0.548362529,0.514089871,4.386900228,0.034272658,0.255517968,0.374479862,0.56277866,0.543240406,0.716993402,0.563526695,0.352979107,0.216766671,0.497482715,0.565386814,0.538531252,0.358625588,0.772479785,0.740390695,0.18504036,0.604047724,0.80373833
S. Sabelli,Serie A,Genoa,Defender,Ball-Winning Full-Back,2451,0.814323607,0.657060519,0.37195122,0,0.036719706,0.888081395,0.857142857,15,0.991432069,0.220318237,0.771113831,1.285189718,0,0.648236037,0.255425852,0.682937195,0.709633579,0.656716915,0.472765251,0.094651515,0.192146686,0.411533969,0.479398781,0.492691417,0.589409831,0.360828234,0.508401018,0.161744852,0.616768609,0.804900522
A. Vogliacco,Serie A,Genoa,Defender,Positional Defender,1172,0.911764706,0.863970588,0.491666667,0,0.076791809,0.856152513,1.071428571,12,1.228668942,0.767918089,0.460750853,3.071672355,0.076791809,0.338933567,0.602995081,0.317387278,0.829580202,0.562684096,0.661981703,0.179742057,0.291531638,0.615368656,0.57634562,0.150514826,0.308360738,0.42033685,0.514956277,0.080995826,0.928167396,0.88215211
J. Vásquez,Serie A,Genoa,Defender,Positional Defender,2850,0.892473118,0.83125,0.484304933,0.031578947,0.031578947,0.868399675,0.868421053,32,1.578947368,0.821052632,0.757894737,3.568421053,0,0.333979133,0.518009019,0.640836738,0.557565644,0.613907385,0.635334769,0.311660214,0.234615905,0.63854479,0.507968752,0.313396369,0.313612107,0.467824907,0.470097045,0.148316664,0.779375255,0.815171469
C. Lykogiannis,Serie A,Bologna,Defender,Ball-Winning Full-Back,900,0.882352941,0.808888889,0.352112676,0.2,0.1,1.002222222,1.2,5,1.5,0.5,1,3,0,0.41523454,0.158398983,0.783037047,0.493411582,0.36764589,0.588510903,0.642329887,0.15540731,0.453266326,0.466656827,0.140270842,0.329401897,0.673155462,0.679126273,0.137386428,0.572489089,0.853861831
A. Gallo,Serie A,Lecce,Defender,Ball-Winning Full-Back,2502,0.874476987,0.753571429,0.448275862,0,0.107913669,0.982230997,0.870967742,31,1.223021583,0.323741007,0.899280576,2.410071942,0,0.481442739,0.313573344,0.643919945,0.533722269,0.644741494,0.61513617,0.177948428,0.272461525,0.646622222,0.297346656,0.329382504,0.407071177,0.549700364,0.439406344,0.134459428,0.629571952,0.859436375
R. Kristensen,Serie A,AS Roma,Defender,Ball-Winning Full-Back,1742,0.882478632,0.791666667,0.43,0.051664753,0.051664753,0.947805457,0.76,28,1.394948335,0.361653272,1.033295063,2.583237658,0,0.535195001,0.320833143,0.713533386,0.297109125,0.58606776,0.473758038,0.271066826,0.172276963,0.540288385,0.402616032,0.456679058,0.376352334,0.64011066,0.569696649,0.140368596,0.501068202,0.832671518
R. Rodríguez,Serie A,Torino,Defender,Ball-Winning Full-Back,2783,0.944915254,0.847605225,0.549295775,0.032339202,0.064678405,0.894636015,1.238095238,28,0.711462451,0.291052821,0.42040963,2.069708947,0.064678405,0.357144432,0.268196483,0.222246184,0.405824358,0.611225843,0.545549732,0.207776637,0.204336969,0.587950751,0.584713551,0.322128181,0.538525381,0.575521409,0.43467964,0.141081777,0.633708434,0.851858063
Diego Llorente,Serie A,AS Roma,Defender,Ball-Playing Centre-Back,2229,0.967307692,0.946389497,0.666666667,0.040376851,0.040376851,0.919167177,0.95,11,1.615074024,1.090174966,0.524899058,3.189771198,0,0.145852418,0.417461892,0.440939334,0.246459794,0.465397717,0.717640037,0.281041916,0.203956053,0.388764134,0.46235579,0.270047506,0.302127648,0.416562793,0.449039521,0.161464343,0.732555373,0.815225961
V. Gendrey,Serie A,Lecce,Defender,Ball-Winning Full-Back,3052,0.863406408,0.785582255,0.432291667,0.05897772,0.088466579,1.031,0.942857143,30,1.179554391,0.324377457,0.855176933,2.919397117,0,0.473202817,0.36267553,0.598861018,0.559297629,0.627079788,0.524550276,0.358959123,0.272391026,0.708333187,0.535724315,0.41573031,0.43032579,0.629300699,0.562852336,0.1432155,0.61077644,0.842330974
Natan,Serie A,Napoli,Defender,Ball-Playing Centre-Back,955,0.952173913,0.93125,0.59223301,0,0,0.958745875,1,5,1.130890052,0.848167539,0.282722513,3.015706806,0,0.201940346,0.349656891,0.369529503,0.308540678,0.695045859,0.734761709,0.221000346,0.151173497,0.399135689,0.46718565,0.259296191,0.183738637,0.475483505,0.555420493,0.186761623,0.843722031,0.780523128
D. Spence,Serie A,Genoa,Defender,Defensive Anchor / Stopper,853,0.891566265,0.732283465,0.655172414,0,0,1.018726592,0.833333333,8,2.110199297,0.527549824,1.582649472,2.954279015,0,0.464762345,0.453831889,0.864605137,0.33727549,0.470982697,0.873957154,0.205538187,0.172293284,0.571477996,0.088153681,0.560621556,0.486964968,0.543000511,0,0.09891229,0.498310799,0.885724696
M. Kayode,Serie A,Fiorentina,Defender,Ball-Winning Full-Back,2063,0.920086393,0.868739206,0.583333333,0.043625788,0.043625788,1.021276596,1.111111111,35,1.090644692,0.523509452,0.56713524,2.006786234,0.087251575,0.535975991,0.435325651,0.263333093,0.236431156,0.601082578,0.506151301,0.306488534,0.226703126,0.453651148,0.868238039,0.620744923,0.199030343,0.519272941,0.515808059,0.156747463,0.828577321,0.833698063
P. Dorgu,Serie A,Lecce,Defender,Ball-Winning Full-Back,1562,0.902366864,0.808270677,0.519480519,0.115236876,0,0.978151261,1,22,0.921895006,0.28809219,0.633802817,2.592829706,0.115236876,0.601620146,0.388131671,0.330583684,0.28128019,0.627216083,0.367290771,0.459852595,0.113417518,0.380939878,0.614225822,0.493809251,0.562903304,0.604287788,0.449499482,0.146189654,0.511285229,0.834028339
V. Le Goff,Ligue 1,Lorient,Defender,Ball-Winning Full-Back,545,0.888157895,0.779661017,0.486486486,0.165137615,0.165137615,0.940298507,0,4,1.816513761,0.495412844,1.321100917,1.651376147,0,0.341943511,0.193742452,0.938042019,0.356109874,0,0,0.204039595,0.279712114,0.696743831,0.611688801,0.834555504,0.46481271,0.584714945,0.484840316,0.096490783,0.53852587,0.933191818
M. Zeffane,Ligue 1,Clermont Foot,Defender,Defensive Anchor / Stopper,1234,0.844522968,0.768656716,0.505376344,0,0,0.914076782,1.176470588,17,1.021069692,0.218800648,0.802269044,2.479740681,0,0.636192726,0.416416202,0.454335007,0.643236383,0.690603957,0.697037987,0.221311762,0.162922534,0.314981742,0.395541496,0.475172392,0.405877723,0.595778402,0.52553875,0.160214948,0.681701228,0.815720997
R. Pierre-Gabriel,Ligue 1,Nantes,Defender,Defensive Anchor / Stopper,594,0.866141732,0.806722689,0.444444444,0,0,0.97008547,0.75,5,1.96969697,0.606060606,1.363636364,3.787878788,0,0.52555579,0.640567351,0.860198594,0.377959945,0.644557915,0.579877885,0.250971247,0.212851929,0.77903866,0.424999087,0.543064445,0.31218213,0.638932238,0.520451687,0.109051283,0.362455075,0.855931628
I. Sylla,Ligue 1,Montpellier,Defender,Ball-Winning Full-Back,1456,0.806666667,0.804428044,0.472222222,0.061813187,0.123626374,0.992481203,0.85,16,1.298076923,0.432692308,0.865384615,3.276098901,0,0.503329803,0.40849671,0.669855628,0.782175391,0.571714646,0.590159315,0.381955571,0.312004858,0.42324749,0.208435067,0.423782272,0.265335462,0.611937001,0.75027202,0.173255888,0.709164667,0.796181662
A. Pelmard,Ligue 1,Clermont Foot,Defender,Ball-Playing Centre-Back,2988,0.920353982,0.911111111,0.420512821,0,0,0.87647424,0.926829268,32,1.114457831,0.602409639,0.512048193,2.981927711,0.060240964,0.274250693,0.474138305,0.461369073,0.34892825,0.860174858,0.581088639,0.295181814,0.215689167,1,0.695175083,0.3255833,0.359319598,0.498683501,0.794264356,0.171110902,0.640957783,0.794662015
C. Mbemba,Ligue 1,Marseille,Defender,Ball-Playing Centre-Back,2209,0.907317073,0.91038961,0.691489362,0.081484835,0.081484835,0.897869214,0.84,17,0.855590765,0.529651426,0.325939339,3.870529651,0.040742417,0.226635856,0.289441066,0.351716334,0.320506365,0.689933204,0.536337788,0.469132192,0.251438831,0.414635306,0.239905614,0.475690888,0.326021724,0.686239356,0.492353695,0.182250121,0.669087728,0.807857066
Henrique,Ligue 1,Lyon,Defender,Ball-Winning Full-Back,605,0.945701357,0.875968992,0.52,0.148760331,0,1.066869301,1,6,1.190082645,0.297520661,0.892561983,0.446280992,0,0.393593174,0.381663126,0.288818062,0.593522988,0.346607501,0.637985558,0.396518354,0.057174771,0.815276425,0.366496442,0.301533309,0.441499921,0.323275176,0.624196278,0.120615363,0.735991101,0.838204812
G. Gudmundsson,Ligue 1,Lille,Defender,Ball-Winning Full-Back,1264,0.83935743,0.802575107,0.634146341,0.071202532,0,0.962555066,2.285714286,12,0.996835443,0.213607595,0.783227848,1.780063291,0,0.507216342,0.280572547,0.355757543,0.699934557,0.566548633,0.926802688,0.449954506,0.168153095,0.299530896,0.403964859,0.516109028,0.539864748,0.491595877,0.582135873,0.237300079,0.793132495,0.737928848
L. Perrin,Ligue 1,Strasbourg,Defender,Ball-Playing Centre-Back,2723,0.923566879,0.943786982,0.614420063,0,0.033051781,0.884002199,0.909090909,28,1.487330151,1.057656996,0.429673155,3.734851267,0,0.194277197,0.48865976,0.476920874,0.284341302,0.653757727,0.650805084,0.265414234,0.246925876,0.423171893,0.454751516,0.308063362,0.383294275,0.435766016,0.640472647,0.140055929,0.697448349,0.818921381
B. Mendy,Ligue 1,Lorient,Defender,Ball-Winning Full-Back,709,0.821052632,0.717647059,0.345238095,0.253878702,0.126939351,1.022508039,0.5,1,1.01551481,0.253878702,0.761636107,2.538787024,0,0.356754505,0,0.840481846,0.959639815,0.226653766,0.279322155,0.569939392,0.158869218,0.363864218,0.301704119,0.340285762,0.399129586,0.63743269,0.61200332,0.204745214,0.58567437,0.797571868
M. Senaya,Ligue 1,Strasbourg,Defender,Defensive Anchor / Stopper,2137,0.856148492,0.803088803,0.527559055,0.042115115,0.042115115,1.01871345,1.394736842,42,1.684604586,0.54749649,1.137108095,2.863827796,0,0.737448994,0.713846361,0.441905115,0.529613359,0.602637156,0.7678013,0.457434635,0.273259591,0.510870096,0.635606516,0.45620876,0.337127789,0.49148447,0.491627309,0.131386959,0.741264745,0.846171932
T. Foket,Ligue 1,Reims,Defender,Ball-Winning Full-Back,1838,0.881209503,0.848275862,0.608695652,0,0.048966268,1.029868578,0.80952381,20,1.664853101,0.587595212,1.077257889,1.762785637,0,0.424823179,0.407837831,0.606500407,0.531077159,0.385054893,0.75162567,0.096917847,0.209959871,0.393466627,0.26113523,0.539917509,0.280258003,0.447715725,0.588266259,0.138706355,0.796320666,0.836427817
C. Operi,Ligue 1,Le Havre,Defender,Defensive Anchor / Stopper,2447,0.848024316,0.774475524,0.433962264,0.110339191,0.147118921,0.998259356,0.972972973,32,1.655087863,0.257458112,1.397629751,2.501021659,0.03677973,0.620154179,0.460473894,0.702709513,0.565136603,0.475996419,0.620672511,0.506267906,0.307407984,0.800347701,0.26106292,0.366413481,0.393698687,0.601343843,0.586524431,0.118049135,0.628408751,0.85157539
I. Jakobs,Ligue 1,Monaco,Defender,Defensive Anchor / Stopper,1465,0.834210526,0.737752161,0.35,0.061433447,0.122866894,0.927407407,1.518518519,29,1.167235495,0.122866894,1.044368601,2.457337884,0,1,0.509167928,0.429449437,0.29087486,0.773248205,0.529868826,0.532244391,0.311423828,0.453372157,0.825826653,0.411661468,0.392320069,0.673322567,0.644348643,0.146433461,0.443094428,0.79969655
M. Desler,Ligue 1,Toulouse,Defender,Ball-Playing Centre-Back,1551,0.899795501,0.842105263,0.490566038,0,0.058027079,1.030065359,1.5,9,1.856866538,0.754352031,1.102514507,2.205029014,0,0.332354619,0.364975262,0.704647328,0.462107145,0.443759073,0.895814355,0.210728155,0.270509925,0.678649455,0.749617722,0.370381382,0.330609423,0.46205812,0.595370149,0.14492617,0.418660715,0.849174841
Y. Abdelhamid,Ligue 1,Reims,Defender,Positional Defender,2782,0.888686131,0.914959016,0.55952381,0.129403307,0,0.866071429,0.972222222,26,1.649892164,1.035226456,0.614665708,3.526240115,0.064701653,0.354096016,0.589134829,0.491239934,0.400000817,0.500160361,0.49636156,0.569929304,0.198171645,0.418845563,0.70901613,0.435828446,0.436757072,0.385130831,0.711780244,0.159521533,0.713512525,0.808156328
N. Pallois,Ligue 1,Nantes,Defender,Positional Defender,1585,0.844660194,0.901041667,0.573170732,0,0.056782334,0.835579515,0.904761905,19,2.100946372,1.476340694,0.624605678,6.302839117,0,0.253461617,0.700190948,0.788435148,0.492086168,0.593230019,0.618761075,0.374915746,0.372891473,0.146304625,0.643093942,0.354676619,0.393398046,0.57705798,0.616248984,0.179034416,0.54432701,0.791835123
Sergio Akieme,Ligue 1,Reims,Defender,Ball-Winning Full-Back,818,0.90797546,0.819548872,0.378378378,0.2200489,0,1.018382353,0.833333333,8,0.990220049,0.33007335,0.660146699,2.750611247,0,0.392360999,0.23890782,0.517661059,0.694825272,0.351915118,0.361047857,0.549472547,0.030996729,0.490997847,0.666002694,0.333761078,0.239917957,0.703517313,0.556705074,0.194707881,0.690876824,0.793873658
Sergio Akieme,Ligue 1,Reims,Defender,Ball-Winning Full-Back,818,0.90797546,0.819548872,0.378378378,0.2200489,0,1.018382353,0.833333333,8,0.990220049,0.33007335,0.660146699,2.750611247,0,0.419525099,0.209621181,0.434926569,0.441214978,0.626997421,0.42562975,0.355769281,0.071568003,0.59255982,0.486946181,0.400091999,0.370272833,0.564555412,0.647552306,0.166550397,0.685478481,0.826509771
J. Laporte,Ligue 1,Lorient,Defender,Ball-Playing Centre-Back,1818,0.926199262,0.93592233,0.639269406,0,0,0.867387033,0.933333333,16,1.782178218,1.287128713,0.495049505,5.742574257,0.04950495,0.09107649,0.412589602,0.700223769,0.225196957,0.592297694,0.74661058,0.291318103,0.206840473,0.083200086,0.508274214,0.27999784,0.311615967,0.707049871,0.443884407,0.202606378,0.608808586,0.77537589
J. Okumu,Ligue 1,Reims,Defender,Positional Defender,1742,0.846473029,0.922190202,0.642857143,0.051664753,0,0.8303362,1,24,1.394948335,0.98163031,0.413318025,5.786452354,0.103329506,0.305618594,0.740130227,0.430234606,0.617062793,0.735727402,0.558025308,0.536010126,0.299035487,0.357808849,0.551166109,0.501044403,0.439900003,0.632549181,0.623751979,0.171526373,0.707255722,0.786749347
L. Mincarelli Davin,Ligue 1,Montpellier,Defender,Defensive Anchor / Stopper,984,0.833333333,0.84375,0.368421053,0.091463415,0.091463415,1.01242236,0.842105263,17,1.554878049,0.365853659,1.18902439,2.469512195,0,0.745728318,0.451636934,0.703387915,0.366946927,0.534546755,0.454127092,0.414081754,0.203128028,0.370764717,0.357552513,0.463811477,0.158532931,0.670335237,1,0.162760579,0.647920191,0.783918681
B. Omeragić,Ligue 1,Montpellier,Defender,Positional Defender,2312,0.902116402,0.930672269,0.593939394,0,0,0.860133206,0.935483871,20,1.985294118,1.128892734,0.856401384,2.530276817,0,0.333540106,0.560827098,0.615975961,0.264267095,0.510096496,0.740146614,0.228928034,0.212699969,0.416048372,0.54789134,0.458697886,0.30341978,0.284382697,0.768142287,0.144377271,0.809622264,0.814632122
K. Kouyaté,Ligue 1,Montpellier,Defender,Positional Defender,1930,0.864541833,0.887614679,0.638709677,0,0.093264249,0.832175926,0.769230769,28,1.445595855,0.932642487,0.512953368,5.735751295,0.046632124,0.334374218,0.667438605,0.550298905,0.43255327,0.769496159,0.471866729,0.360480722,0.369283563,0.378389215,0.263330016,0.465832586,0.267681184,0.687505565,0.44922981,0.158335757,0.66374263,0.803802368
M. Sagnan,Ligue 1,Montpellier,Defender,Positional Defender,1055,0.843537415,0.921875,0.741573034,0.170616114,0,0.861598441,0.956521739,15,1.109004739,0.767772512,0.341232227,5.71563981,0,0.437777667,0.697506285,0.29624665,0.409435286,0.77735955,0.390771322,0.864331298,0.22290124,0.196381362,0.251247979,0.625479372,0.372109409,0.672735287,0.531228286,0.115786917,0.724519586,0.859483193
C. Jullien,Ligue 1,Montpellier,Defender,Ball-Playing Centre-Back,1228,0.844444444,0.920863309,0.691358025,0.073289902,0,0.866404715,1.090909091,6,1.832247557,1.465798046,0.366449511,7.768729642,0.146579805,0.034426211,0.532589075,0.792451028,0.400132082,0.771411512,0.775233827,0.738916928,0.321196859,0.147306415,0.556252966,0.394158554,0.399665428,0.722503527,0.461282172,0.22919685,0.631925671,0.761759781
E. Tchato,Ligue 1,Montpellier,Defender,Defensive Anchor / Stopper,1122,0.850187266,0.786885246,0.435643564,0,0,0.983539095,0.944444444,11,1.604278075,0.561497326,1.042780749,2.005347594,0,0.593513448,0.427011475,0.743826351,0.43862298,0.650694796,0.697556477,0.218035121,0.169183842,0.48499438,0.506803106,0.536283976,0.138985791,0.4390033,0.658038411,0.205958809,0.648799377,0.74951749
J. Lotomba,Ligue 1,Nice,Defender,Ball-Winning Full-Back,1808,0.874306839,0.860869565,0.488372093,0.049778761,0,1.023312883,1.555555556,25,1.493362832,0.44800885,1.045353982,1.294247788,0.049778761,0.550651135,0.365699755,0.534652271,0.345120176,0.60757131,0.876799212,0.422884543,0.183359351,0.653985842,0.821743031,0.584076788,0.122032708,0.468479589,0.818106437,0.171352168,0.789857967,0.801762547
Clinton Mata,Ligue 1,Lyon,Defender,Positional Defender,2221,0.908440629,0.916376307,0.463414634,0,0.121566862,0.980930587,0.827586207,23,1.418280054,0.648356596,0.769923458,2.471859523,0,0.395967595,0.51005229,0.457059829,0.56078083,0.475515073,0.565979725,0.122641793,0.311310611,0.644536167,0.584839628,0.342678926,0.123158024,0.562083677,0.815569076,0.144425034,0.869820845,0.832629993
N. Tagliafico,Ligue 1,Lyon,Defender,Defensive Anchor / Stopper,2129,0.907964602,0.874725275,0.597701149,0.126820103,0.042273368,1.006042296,1.47826087,22,1.056834194,0.338186942,0.718647252,1.817754814,0,0.575524853,0.431784146,0.173278471,0.453152052,0.467941699,0.640427949,0.51474378,0.175641806,0.40531905,0.670769094,0.484599153,0.311479866,0.548888811,0.577865832,0.163720174,0.708474256,0.823977218
L. Brassier,Ligue 1,Stade Brestois 29,Defender,Ball-Playing Centre-Back,2679,0.905,0.912568306,0.622844828,0.100783875,0,0.833148559,1,12,0.940649496,0.705487122,0.235162374,3.124300112,0,0.142653358,0.38025352,0.307246514,0.637138507,0.567752643,0.562959751,0.440397128,0.191048339,0.556899204,0.592860005,0.443723173,0.454282762,0.454433352,0.604043013,0.17340461,0.703872141,0.811345747
S. Kumbedi,Ligue 1,Lyon,Defender,Defensive Anchor / Stopper,917,0.869281046,0.803571429,0.35,0,0.098146129,0.965092402,1.428571429,9,1.177753544,0.294438386,0.883315158,1.766630316,0.196292257,0.831981926,0.506249403,0.347891942,0.58152273,0.593110642,0.672638219,0.197629075,0.233312811,0.285764993,0.608314535,0.170062352,0.305660902,0.564312129,0.789142685,0.155629566,0.733877056,0.81197524
M. Udol,Ligue 1,Metz,Defender,Defensive Anchor / Stopper,2700,0.849894292,0.816151203,0.40625,0.1,0.1,0.915014164,0.973684211,38,2.066666667,0.533333333,1.533333333,3.6,0,0.550698715,0.570206411,0.831399515,0.695782115,0.379752679,0.754609769,0.48099602,0.26320592,0.682407869,0.318812186,0.286774622,0.194650377,0.685970328,0.637726596,0.175726142,0.602463509,0.806743689
C. Wooh,Ligue 1,Rennes,Defender,Ball-Playing Centre-Back,1387,0.878640777,0.917808219,0.650406504,0.064888248,0,0.860969388,1,8,1.232876712,0.583994232,0.64888248,3.309300649,0,0.216843446,0.394239729,0.455971449,0.545430273,0.597305694,0.74703512,0.430505326,0.203076461,0.557840684,0.375566436,0.518144728,0.427646021,0.573957793,0.694410846,0.166600572,0.72828255,0.805836195
W. Omari,Ligue 1,Rennes,Defender,Ball-Playing Centre-Back,2072,0.882352941,0.942938659,0.857142857,0.043436293,0,0.902874903,0.826086957,16,1.303088803,0.868725869,0.434362934,3.344594595,0.086872587,0.139016262,0.527196702,0.327796178,0.490937028,0.586149245,0.678702461,0.396549867,0.282394034,0.495170207,0.416065838,0.813296309,0.355856488,0.394912325,0.489820451,0.154485612,0.864731772,0.822539502
A. Seidu,Ligue 1,Rennes,Defender,Defensive Anchor / Stopper,593,0.914634146,0.875,0.53125,0,0,0.443965517,0.529411765,14,1.669477234,0.455311973,1.214165261,1.97301855,0,0.701933457,1,0.342546039,0.615801348,0.48453403,0.263417673,0,0.138508615,0.797674898,0.013476528,0.566590544,0.069781753,0.257622486,0.464514171,1,0.921786043,0
D. Machado,Ligue 1,Lens,Defender,Ball-Winning Full-Back,1126,0.882591093,0.811764706,0.351351351,0.319715808,0,1.032345013,1.8,15,1.039076377,0.159857904,0.879218472,0.639431616,0,0.665376066,0.203939865,0.40431429,0.452086845,0.462477452,0.592521858,1,0,0.611265173,0.687150852,0.27467056,0.307823589,0.403050609,0.827265253,0.197373964,0.752554651,0.789481647
R. Nicolaisen,Ligue 1,Toulouse,Defender,Positional Defender,2927,0.877192982,0.91638796,0.590909091,0.061496413,0,0.852870813,0.769230769,26,1.35292108,1.01469081,0.33823027,4.858216604,0.030748206,0.166744557,0.554548731,0.540024887,0.496010621,0.716471593,0.492320995,0.465552547,0.25282693,0.527241206,0.545726128,0.46100023,0.406773546,0.515326292,0.628419962,0.169893176,0.67303794,0.798260562
R. Aguilar,Ligue 1,Lens,Defender,Defensive Anchor / Stopper,1923,0.891891892,0.832957111,0.47311828,0.046801872,0.140405616,1.005780347,1.148148148,27,1.638065523,0.23400936,1.404056162,2.152886115,0,0.679017414,0.524984442,0.486824856,0.396504664,0.41188908,0.648581382,0.299212173,0.296479892,0.648717515,0.39259478,0.304071795,0.58748339,0.664020921,0.657268188,0.092621594,0.518347887,0.874446032
J. Gradit,Ligue 1,Lens,Defender,Ball-Playing Centre-Back,2119,0.901380671,0.90060241,0.598802395,0.042472865,0,0.868382353,1.333333333,19,1.274185937,0.722038697,0.552147239,2.590844738,0,0.279219647,0.443217195,0.358796274,0.653692018,0.494350406,0.764225806,0.293437041,0.193047952,0.450507682,0.621986549,0.403580874,0.364707266,0.443594332,0.636350281,0.168132141,0.778212308,0.806391284
W. Kamanzi,Ligue 1,Toulouse,Defender,Defensive Anchor / Stopper,1182,0.873015873,0.836134454,0.64516129,0,0.228426396,0.959847036,1.5,13,0.837563452,0.228426396,0.609137056,2.664974619,0,0.700895154,0.389701923,0.150632307,0.307427316,0.668255999,0.631148368,0.322935112,0.435833761,0.172393151,0.353195839,0.375101161,0.464677198,0.6901487,0.530227074,0.151938813,0.740788353,0.858091254
L. Balerdi,Ligue 1,Marseille,Defender,Positional Defender,2275,0.925266904,0.900398406,0.65,0.079120879,0,0.866501854,0.909090909,49,1.503296703,0.593406593,0.90989011,3.6,0,0.525116344,0.860197146,0.243447612,0.458858347,0.590867777,0.517268405,0.443675036,0.178159858,0.667100815,0.179474017,0.396345808,0.463458725,0.502684427,0.381135268,0.091401236,0.615728161,0.847902693
U. Garcia,Ligue 1,Marseille,Defender,Ball-Winning Full-Back,906,0.899598394,0.798283262,0.5,0,0,1.044186047,2.666666667,13,0.794701987,0.298013245,0.496688742,1.291390728,0.198675497,0.590742155,0.306593353,0.196670227,0.412889812,0.749506981,0.830847209,0.285444568,0.16865882,0.393177343,0.800282849,0.275096042,0.657256934,0.400899522,0.558951251,0.156917956,0.663538368,0.824547806
A. Murillo,Ligue 1,Marseille,Defender,Ball-Winning Full-Back,993,0.856031128,0.828358209,0.648148148,0.271903323,0.181268882,0.959064327,0.846153846,15,0.81570997,0.181268882,0.634441088,3.081570997,0.181268882,0.54339997,0.344014777,0.279757792,0.517440892,0.416309219,0.221586809,0.876849577,0.324877596,0.482434654,0.454156276,0.703828364,0.26436495,0.718359459,0.436052675,0.173994661,0.711310392,0.805138867
F. Medina,Ligue 1,Lens,Defender,Ball-Winning Full-Back,2714,0.907749077,0.923799582,0.58203125,0.033161385,0.099484156,0.877285852,1.52,44,1.260132646,0.43109801,0.829034635,1.956521739,0.066322771,0.52885419,0.39512968,0.273865897,0.284217793,0.471274288,0.697528542,0.286395768,0.263579463,0.342054601,0.597513341,0.399622446,0.463011979,0.614560205,0.828342164,0.147228282,0.669025985,0.826880126
T. De Smet,Ligue 1,Reims,Defender,Defensive Anchor / Stopper,1835,0.881696429,0.852459016,0.492063492,0,0,0.972125436,0.972222222,33,1.226158038,0.245231608,0.980926431,2.501362398,0.049046322,0.671592816,0.522519947,0.433883908,0.410898954,0.661354889,0.620409495,0.18523934,0.115381287,0.358169175,0.204729295,0.404537783,0.337005598,0.662965595,0.708947556,0.139285669,0.60666385,0.828935152
Q. Merlin,Ligue 1,Marseille,Defender,Ball-Winning Full-Back,703,0.838709677,0.821256039,0.611764706,0,0.12802276,0.989010989,1.714285714,8,0.512091038,0,0.512091038,1.792318634,0,0.538323755,0.199514598,0.240370622,0.593821206,0.857133647,0.949724971,0.390563385,0.3131673,0.422605729,0.116142394,0.36893818,0.31561774,0.57440889,0.686801437,0.190509991,0.806202015,0.785106965
B. Chardonnet,Ligue 1,Stade Brestois 29,Defender,Positional Defender,2970,0.909297052,0.924836601,0.565320665,0.03030303,0.03030303,0.837119114,1.03030303,32,1.757575758,1.03030303,0.727272727,4.212121212,0.090909091,0.267422299,0.611352132,0.523428441,0.512397953,0.48873352,0.688681024,0.315162637,0.252333544,0.441184905,0.583685055,0.275386156,0.418607971,0.539397397,0.619190749,0.150562711,0.474999398,0.814121519
K. Lala,Ligue 1,Stade Brestois 29,Defender,Ball-Winning Full-Back,2970,0.865800866,0.824093817,0.657786885,0.060606061,0.090909091,0.987319885,1.307692308,30,0.818181818,0.181818182,0.636363636,2.272727273,0.03030303,0.604289433,0.39401957,0.214727558,0.395916282,0.684222836,0.594327545,0.450903099,0.296729918,0.437934225,0.523796337,0.656715453,0.396616081,0.598932974,0.477458782,0.153284211,0.726226989,0.849786324
B. Locko,Ligue 1,Stade Brestois 29,Defender,Defensive Anchor / Stopper,2961,0.880648899,0.865905849,0.619512195,0,0.09118541,1.045362221,0.964912281,47,0.85106383,0.030395137,0.820668693,2.097264438,0,0.68145,0.557257371,0.150953347,0.408187714,0.667370609,0.490242513,0.206013855,0.272399019,0.509988502,0.240315553,0.569343674,0.531549189,0.656343556,0.650258807,0.104080394,0.661526915,0.868888993
G. Doué,Ligue 1,Rennes,Defender,Ball-Winning Full-Back,1225,0.841666667,0.771043771,0.55,0,0.146938776,0.96353167,1.5,22,0.881632653,0.073469388,0.808163265,4.775510204,0.073469388,0.580450136,0.384844258,0.425886468,0.639840425,0.759409948,0.755179526,0.378889227,0.36706309,0.348533766,0.290515265,0.312667504,0.479074359,1,0.345628459,0.169339582,0.536557118,0.827484556
I. Doukouré,Ligue 1,Strasbourg,Defender,Ball-Playing Centre-Back,1660,0.858695652,0.929155313,0.694444444,0,0,0.868421053,2.285714286,13,1.030120482,0.379518072,0.65060241,1.572289157,0.108433735,0.337801397,0.291959465,0.288232527,0.571327703,0.569420831,0.963744958,0.259017319,0.206949634,0.336497754,0.441626934,0.587834301,0.502893913,0.489526538,0.925596703,0.173862215,0.759157269,0.788378655
S. Sow,Ligue 1,Strasbourg,Defender,Positional Defender,718,0.907407407,0.940860215,0.46,0,0.125348189,0.855113636,0.705882353,9,0.877437326,0.501392758,0.376044568,4.512534819,0.376044568,0.393982862,0.66163251,0.315987205,0.448911289,0.846890642,0.245924907,0.242869307,0.328216382,0.762087343,0.222793198,0.253150691,0.288900916,0.741443615,0.790814048,0.127468071,0.626786638,0.828563096
A. Sylla,Ligue 1,Strasbourg,Defender,Defensive Anchor / Stopper,1792,0.921775899,0.917475728,0.582733813,0.100446429,0,0.89524577,0.766666667,29,2.008928571,0.552455357,1.456473214,3.515625,0.100446429,0.568741418,0.694532254,0.521187637,0.257164306,0.277904256,0.520381265,0.376893678,0.140091409,0.474502636,0.517611747,0.550303322,0.485032379,0.783435735,0.585643418,0.101096453,0.73108249,0.885263092
A. Hakimi,Ligue 1,Paris Saint Germain,Defender,Ball-Winning Full-Back,1931,0.92038835,0.880747126,0.616,0.186431901,0.233039876,0.985040276,1.357142857,17,1.305023304,0.186431901,1.118591403,1.305023304,0.09321595,0.489808796,0.16030493,0.386759815,0.314817028,0.249127019,0.709162462,0.612207841,0.305382126,0.540152319,0.242303813,0.368159428,0.139340421,0.673951373,0.593394291,0.166395138,0.789590398,0.82646927
L. Hernández,Ligue 1,Paris Saint Germain,Defender,Defensive Anchor / Stopper,1916,0.935483871,0.927765237,0.676300578,0.04697286,0.04697286,0.977751756,1.285714286,29,0.986430063,0.234864301,0.751565762,1.784968685,0,0.540078034,0.525443676,0.059023291,0.314341228,0.593303982,0.680013124,0.361594744,0.230223572,0.656149013,0.63674257,0.628279515,0.185367378,0.62172295,0.560909293,0.13695463,0.952549094,0.844662536
Marquinhos,Ligue 1,Paris Saint Germain,Defender,Ball-Playing Centre-Back,1539,0.970331588,0.973214286,0.742105263,0,0.058479532,0.956814358,1.1,11,1.695906433,1.111111111,0.584795322,3.391812865,0.058479532,0.091493456,0.450565219,0.401816574,0.212710174,0.428608097,0.763184637,0.203602313,0.288418586,0.457617989,0.654556055,0.430621203,0.323552441,0.491045422,0.427617334,0.149151158,0.665396289,0.84566346
N. Mukiele,Ligue 1,Paris Saint Germain,Defender,Positional Defender,792,0.883458647,0.9004329,0.622222222,0,0,0.915254237,1.333333333,8,1.931818182,0.454545455,1.477272727,3.181818182,0,0.351302752,0.532211322,0.62385762,0.555515593,0.400495675,1,0.255609403,0.235808192,0.728252966,0.513503809,0.573634306,0.460010254,0.750528852,0.643296313,0.119899258,0.549305461,0.874376761
Beraldo,Ligue 1,Paris Saint Germain,Defender,Positional Defender,1011,0.872881356,0.93957115,0.777777778,0.089020772,0,0.92926045,1,10,1.335311573,0.534124629,0.801186944,2.225519288,0,0.35253397,0.587144461,0.251877604,0.622350193,0.476239214,0.751591903,0.457256844,0.197858414,0.510183272,0.123395008,0.624546115,0.48482268,0.380661818,0.70150335,0.131452121,0.81564612,0.823742238
Dante,Ligue 1,Nice,Defender,Positional Defender,2844,0.953833471,0.949251248,0.603960396,0.03164557,0.03164557,0.913340525,0.681818182,38,1.360759494,0.696202532,0.664556962,2.436708861,0.063291139,0.317373163,0.536476475,0.334124974,0.288853399,0.491177722,0.455405958,0.165592385,0.180189213,0.59277689,0.40145455,0.428231676,0.378981972,0.478530943,0.636494628,0.116590924,0.701590272,0.844769578
J. Clauss,Ligue 1,Marseille,Defender,Ball-Winning Full-Back,2072,0.848909657,0.802675585,0.481308411,0.13030888,0.173745174,0.996542783,0.909090909,26,0.738416988,0.13030888,0.608108108,1.998069498,0,0.591436768,0.38261437,0.268839865,0.780037414,0.430662087,0.289478973,0.416588758,0.340601772,0.533205946,0.606877357,0.498677814,0.454339884,0.600408686,0.66962122,0.145050484,0.645163773,0.84291256
M. Bard,Ligue 1,Nice,Defender,Defensive Anchor / Stopper,2662,0.893167702,0.864672365,0.447916667,0.033809166,0.067618332,0.989809783,1.357142857,37,1.555221638,0.405709992,1.149511645,1.555221638,0,0.650568947,0.509474917,0.41103141,0.497914483,0.37057619,0.688868826,0.217819288,0.228385763,0.490058655,0.787176512,0.397362608,0.385222612,0.573453939,0.808785315,0.130420341,0.746422447,0.844172875
J. Castelletto,Ligue 1,Nantes,Defender,Ball-Playing Centre-Back,2466,0.912765957,0.892586989,0.577639752,0.072992701,0,0.90172956,1.181818182,18,0.693430657,0.364963504,0.328467153,2.95620438,0,0.261251976,0.326640143,0.249274028,0.586586783,0.731566005,0.713737698,0.445836591,0.159664234,0.644402802,0.478225898,0.362254931,0.297128215,0.603817695,0.567834628,0.184102686,0.76700215,0.798348371
J. Duverne,Ligue 1,Nantes,Defender,Defensive Anchor / Stopper,1350,0.90397351,0.834920635,0.5,0,0,0.911450382,1.1875,18,1.133333333,0.333333333,0.8,2.266666667,0,0.624266626,0.475754164,0.305166844,0.499784066,0.516719994,0.610788693,0.113505169,0.135776521,0.250876148,0.635164284,0.382301885,0.511712149,0.634438188,0.577489848,0.140453457,0.620453486,0.8231224
N. Cozza,Ligue 1,Nantes,Defender,Defensive Anchor / Stopper,895,0.835526316,0.778571429,0.519230769,0,0,0.992647059,1,17,0.703910615,0,0.703910615,3.217877095,0,0.8056158,0.684157538,0.252097089,0.539057587,0.950999331,0.405877577,0.318641068,0.201028826,0.535447825,0.254456599,0.586285179,0.497976217,0.652207896,0.512177809,0.058842649,0.611715123,0.917940777
K. Amian,Ligue 1,Nantes,Defender,Ball-Winning Full-Back,802,0.893081761,0.787401575,0.488888889,0,0.112219451,1.030769231,0.583333333,11,0.673316708,0,0.673316708,3.142144638,0,0.488731855,0.283847668,0.454391061,0.537414114,0.634119064,0.327947264,0.044811417,0.218674215,0.44904052,0.081349367,0.387104224,0.462707234,0.852617077,0.417701018,0.13381118,0.502165075,0.853356079
T. Kehrer,Ligue 1,Monaco,Defender,Positional Defender,1324,0.898461538,0.933467742,0.745762712,0.067975831,0.067975831,0.913829787,1,22,1.223564955,0.407854985,0.81570997,3.738670695,0,0.400960001,0.637941991,0.211799519,0.663892105,0.511291261,0.732941484,0.429420313,0.266568285,0.519199539,0.161829977,0.540034403,0.143190792,0.740571526,0.463397364,0.19062909,0.774406226,0.78484733
Caio Henrique,Ligue 1,Monaco,Defender,Ball-Winning Full-Back,624,0.892857143,0.852791878,0.528301887,0,0.721153846,1.013477089,2.333333333,6,1.153846154,0.288461538,0.865384615,1.298076923,0,0.676080885,0.206651747,0.198071426,0.304787758,0.233963251,0.482129154,0.208029151,1,0.571417327,0.595990429,0.080926029,0.285625373,0.711686974,0.741687936,0.11588246,0.709883241,0.875959553
W. Singo,Ligue 1,Monaco,Defender,Positional Defender,2187,0.905511811,0.896600567,0.689956332,0.041152263,0.041152263,0.895251397,1.388888889,17,1.111111111,0.576131687,0.534979424,3.333333333,0.082304527,0.231402981,0.558750995,0.204391339,0.751501047,0.590901243,0.810891809,0.404816292,0.309338251,0.768983002,0.612611584,0.459665706,0.400750167,0.526075227,0.404332304,0.144257537,0.840543478,0.842278214
M. Salisu,Ligue 1,Monaco,Defender,Positional Defender,1034,0.890728477,0.900537634,0.493333333,0,0.087040619,0.854356307,1.090909091,17,1.827852998,1.044487427,0.783365571,3.829787234,0,0.45228862,0.717241064,0.456554774,0.561622146,0.385550322,0.543068487,0.189491252,0.355595945,0.352781948,0.973544027,0.321250806,0.528230787,0.529580458,0.71361135,0.129442151,0.707419041,0.859959382
Vanderson,Ligue 1,Monaco,Defender,Defensive Anchor / Stopper,1649,0.828442438,0.738544474,0.532786885,0.163735597,0.054578532,0.90617284,2.05,32,1.582777441,0.109157065,1.473620376,2.0194057,0.054578532,0.987789408,0.610058433,0.323117363,0.7661485,0.300998848,0.864902006,0.683596518,0.19924652,0.205437074,0.666204074,0.456957714,0.452158078,0.633363485,0.430446036,0.150427475,0.66302897,0.826616945
K. Ouattara,Ligue 1,Monaco,Defender,Defensive Anchor / Stopper,634,0.722627737,0.691729323,0.422222222,0.141955836,0,0.91416309,1.5,9,1.561514196,0,1.561514196,2.839116719,0,0.870850644,0.514861899,0.769382988,0.990888421,0.527141025,0.810382247,0.714867676,0.227482358,0.524233286,0.719533867,0.837401479,0.21844869,0.739204455,0.693074774,0.181063536,0.764841888,0.815478246
C. Mawissa Elebi,Ligue 1,Toulouse,Defender,Positional Defender,1116,0.896551724,0.867857143,0.457627119,0.161290323,0,0.898066784,1.071428571,9,1.774193548,0.887096774,0.887096774,3.306451613,0.080645161,0.411662436,0.552050169,0.595876347,0.662530036,0.401512139,0.696411361,0.608642913,0.133583514,0.514949399,0.663146437,0.29394903,0,0.483574387,0.570944488,0.191187482,0.851145365,0.779192416
I. Traoré,Ligue 1,Metz,Defender,Ball-Playing Centre-Back,2221,0.878980892,0.927631579,0.696774194,0.081044575,0,0.814993954,0.923076923,8,1.33723548,0.810445745,0.526789734,3.484916704,0,0.130561709,0.324542345,0.506402803,0.649000411,0.468307402,0.814799012,0.4110469,0.168187385,0.244701177,0.245000238,0.452867134,0.28245282,0.525747947,0.652362919,0.133284713,0.798944261,0.867129958
M. Colin,Ligue 1,Metz,Defender,Ball-Winning Full-Back,1836,0.805774278,0.766129032,0.426229508,0,0,0.916666667,0.92,16,1.078431373,0.343137255,0.735294118,3.480392157,0,0.559451118,0.398698053,0.680376515,0.623290567,0.79412157,0.527238592,0.273254881,0.229958696,0.465564342,0.696019995,0.687536524,0.248059685,0.693146322,0.657450394,0.12338082,0.648131679,0.864946369
Fali Candé,Ligue 1,Metz,Defender,Positional Defender,1846,0.829411765,0.883886256,0.588541667,0,0.048754063,0.820915033,0.612903226,20,1.998916576,1.365113759,0.633802817,5.216684724,0.048754063,0.266642805,0.648079687,0.852606861,0.333196039,0.673121327,0.423042747,0.330115223,0.357210583,0.301140137,0.453262815,0.55450011,0.495662293,0.399278357,0.700392657,0.104830649,0.543277343,0.86919604
K. Van Den Kerkhof,Ligue 1,Metz,Defender,Ball-Winning Full-Back,1919,0.726027397,0.574585635,0.447916667,0.046899427,0.093798854,0.768292683,2.181818182,13,0.703491402,0.093798854,0.609692548,1.500781657,0.046899427,0.73795949,0.048803757,0.700204085,0.859162795,0.836239754,0.800689324,0.483005939,0.308169739,0.190471564,0.518499965,0.604103604,0.362037774,0.353999837,0.420825002,0.086967842,0.826635915,0.92634713
K. Kouao,Ligue 1,Metz,Defender,Positional Defender,861,0.880681818,0.821656051,0.5,0,0.209059233,0.981424149,1.083333333,11,0.940766551,0.6271777,0.31358885,3.972125436,0.104529617,0.461994857,0.49013322,0.333543001,0.593212511,0.728894773,0.480315944,0.286074098,0.443099728,0.435736764,0.432927512,0.149987267,0.366191238,0.574108649,0.457732684,0.124375375,0.724145886,0.866923515
Sadibou Sané,Ligue 1,Metz,Defender,Positional Defender,842,0.841463415,0.869565217,0.632352941,0,0,0.721590909,0.75,6,1.496437055,0.961995249,0.534441805,6.840855107,0,0.292242561,0.631014389,0.721580688,0.36890544,0.892501229,0.49345697,0.434414015,0.289886978,0.31009751,0.345460781,0.603723573,0.263526187,0.798126632,0.405565105,0.176457354,0.63258028,0.815414576
G. Kalulu,Ligue 1,Lorient,Defender,Defensive Anchor / Stopper,969,0.859848485,0.860335196,0.659574468,0,0.092879257,0.979638009,1.307692308,12,1.671826625,0.185758514,1.486068111,2.786377709,0,0.618160336,0.375946718,0.599936086,0.22745239,0.544352045,0.968334773,0.324908692,0.259351983,0.335724707,0.039253272,0.534311584,0.391351489,0.821283149,0.642278748,0.140778157,0.621382947,0.850098621
M. Talbi,Ligue 1,Lorient,Defender,Positional Defender,2205,0.909589041,0.928917609,0.482758621,0,0,0.857142857,0.956521739,19,1.591836735,0.93877551,0.653061224,4.653061224,0,0.241719945,0.545147508,0.585867882,0.463406051,0.589381946,0.629386931,0.232830464,0.216696509,0.472387256,0.706189197,0.281407729,0.397194435,0.689048249,0.711977647,0.162080515,0.667252782,0.812393187
D. Yongwa,Ligue 1,Lorient,Defender,Defensive Anchor / Stopper,1153,0.815789474,0.704761905,0.415584416,0.078057242,0.078057242,0.967816092,1.352941176,14,1.092801388,0.156114484,0.936686904,2.810060711,0,0.716979551,0.41355633,0.559487088,0.686450676,0.74863948,0.679092302,0.531816558,0.251843421,0.536732689,0.361201863,0.325765135,0.471419925,0.564892565,0.474456248,0.156406892,0.632866784,0.81028216
F. Mendy,Ligue 1,Lorient,Defender,Positional Defender,1253,0.814685315,0.882943144,0.621848739,0,0,0.863235294,0.791666667,20,1.652035116,0.861931365,0.790103751,4.23782921,0.071827614,0.417518862,0.692400216,0.637116701,0.507524116,0.719359039,0.559733122,0.343105185,0.28755985,0.419114747,0.327481163,0.671949735,0.463026955,0.477895337,0.765756517,0.13901103,0.657807,0.822615421
S. Touré,Ligue 1,Lorient,Defender,Ball-Playing Centre-Back,2052,0.923636364,0.923636364,0.726415094,0.043859649,0.043859649,0.902208202,0.75,8,1.666666667,0.877192982,0.789473684,4.429824561,0.087719298,0.111702538,0.520748438,0.504141364,0.538770812,0.357582619,0.652252638,0.269542419,0.273525144,0.500046161,0.457488803,0.511794585,0.449257244,0.672916676,0.351208918,0.137924441,0.581820094,0.858865631
N. Adjei,Ligue 1,Lorient,Defender,Ball-Playing Centre-Back,1243,0.87804878,0.910216718,0.712328767,0,0,0.882442748,1.125,6,1.08608206,0.579243765,0.506838294,4.633950121,0.072405471,0.139229468,0.406289677,0.425452465,0.59599431,0.698006168,0.807912232,0.343524311,0.283363512,0.554666982,0.616394691,0.664529473,0.30265478,0.796369797,0.475863205,0.184049883,0.731591976,0.832185473
P. Katseris,Ligue 1,Lorient,Defender,Defensive Anchor / Stopper,1048,0.784615385,0.722627737,0.451612903,0.085877863,0.085877863,1.037735849,1.25,16,1.717557252,0.34351145,1.374045802,1.545801527,0,0.761300677,0.347531371,0.829726142,0.510177724,0.602837482,0.836744119,0.540719934,0.235174946,0.403854275,0.118128207,0.436608507,0.373999205,0.36598632,0.727482716,0.157744063,0.703967525,0.802299762
Ismaily,Ligue 1,Lille,Defender,Defensive Anchor / Stopper,2467,0.881481481,0.87037037,0.518072289,0.036481557,0.036481557,0.989028213,1.382352941,31,1.203891366,0.218889339,0.985002027,2.809079854,0,0.668713822,0.536461957,0.314659458,0.388794407,0.618783963,0.655745771,0.378195659,0.238969402,0.540390309,0.820277935,0.585107264,0.304331488,0.788768718,0.69129806,0.147520823,0.630030062,0.833576573
B. Diakité,Ligue 1,Lille,Defender,Ball-Playing Centre-Back,1697,0.92293578,0.941548183,0.836956522,0.265173836,0.106069534,0.958664547,1.666666667,24,0.848556276,0.424278138,0.424278138,2.598703595,0.053034767,0.274093305,0.358571939,0,0.419067048,0.424323514,0.612308154,0.959829266,0.264826116,0.572561479,0.404954512,0.534209099,0.48318616,0.502293829,0.424932039,0.167494035,0.731617707,0.821439489
Alexsandro Ribeiro,Ligue 1,Lille,Defender,Ball-Playing Centre-Back,2215,0.944983819,0.929336188,0.63681592,0,0,0.900725042,0.916666667,16,1.015801354,0.609480813,0.406320542,4.713318284,0.203160271,0.136634786,0.497928727,0.310455602,0.50392947,0.721369188,0.674417394,0.268812765,0.219722968,0.678278235,0.497150523,0.363397867,0.355492475,0.774923417,0.374726903,0.155886253,0.761686268,0.840959588
Tiago Santos,Ligue 1,Lille,Defender,Ball-Winning Full-Back,2364,0.874570447,0.829896907,0.528089888,0.038071066,0.076142132,1.009066183,1.35483871,30,0.913705584,0.19035533,0.723350254,1.408629442,0,0.674405298,0.352088745,0.295394895,0.27170112,0.706928525,0.589641577,0.36878844,0.264963439,0.536461651,0.787387526,0.648230634,0.240714537,0.561591424,0.676638166,0.15839024,0.844273033,0.829881948
L. Négo,Ligue 1,Le Havre,Defender,Ball-Winning Full-Back,1564,0.828478964,0.738095238,0.568181818,0,0.172634271,0.939453125,1.238095238,18,0.690537084,0.115089514,0.57544757,0.97826087,0,0.663653276,0.287690823,0.320796582,0.583490485,0.758621373,0.634512021,0.271719652,0.383956301,0.491090041,0.30786437,0.529105136,0.365296775,0.361166119,0.51631602,0.148926329,0.810729058,0.818535382
T. Delaine,Ligue 1,Strasbourg,Defender,Ball-Winning Full-Back,2052,0.845238095,0.742268041,0.481818182,0.043859649,0.043859649,1.015923567,0.655172414,20,0.789473684,0.087719298,0.701754386,2.236842105,0,0.516188354,0.249385399,0.576839679,0.616107932,0.672039622,0.409238425,0.209036652,0.164780529,0.477787693,0.167929958,0.546606705,0.437410475,0.591893292,0.490293679,0.149710843,0.589376684,0.816974006
G. Lloris,Ligue 1,Le Havre,Defender,Positional Defender,2780,0.891682785,0.921597633,0.49689441,0.064748201,0,0.862716763,0.7,28,1.618705036,0.971223022,0.647482014,4.597122302,0.032374101,0.238344151,0.529528732,0.680829388,0.38117305,0.622251635,0.480846189,0.401801238,0.194011755,0.521188897,0.505778745,0.377399444,0.344643789,0.599577582,0.736967217,0.163759005,0.507203461,0.805091135
É. Youté,Ligue 1,Le Havre,Defender,Ball-Playing Centre-Back,1943,0.927797834,0.950920245,0.537142857,0,0,0.867708333,0.692307692,7,0.972722594,0.741121976,0.231600618,4.817292846,0,0,0.497335993,0.365007441,0.815358469,0.635334948,0.602528769,0.187277753,0.246031238,0.775201513,0.743861542,0.337551619,0.280980566,0.754213253,0.591682653,0.171917801,0.757831993,0.817543993
S. Diomandé,Ligue 1,Lyon,Defender,Ball-Playing Centre-Back,890,0.951086957,0.953642384,0.71875,0,0,0.9204947,0.8,9,1.213483146,0.91011236,0.303370787,2.629213483,0.101123596,0.106566386,0.411317264,0.274338637,0.565733906,0.347717447,0.593802207,0.014989108,0.189307981,0.291888108,0.695679581,0.577970907,0.225126877,0.479883466,0.485420693,0.167891926,1,0.821401533
A. Sangante,Ligue 1,Le Havre,Defender,Positional Defender,2690,0.862857143,0.87856072,0.614814815,0,0,0.903958944,1.222222222,24,1.171003717,0.602230483,0.568773234,3.111524164,0.066914498,0.357021171,0.591098116,0.299565621,0.888052483,0.558716066,0.76428114,0.223572164,0.244247926,0.443957879,0.529885065,0.457065304,0.44402748,0.493093241,0.629130909,0.15363333,0.824774017,0.81626296
S. Gigot,Ligue 1,Marseille,Defender,Positional Defender,1729,0.911227154,0.908333333,0.5625,0.15615963,0,0.888655462,1.375,13,1.457489879,0.936957779,0.520532099,4.840948525,0.05205321,0.263295406,0.559725121,0.425453753,0.419289602,0.58907304,0.573177823,0.74526909,0.229847338,0.602289087,0.956231854,0.390541773,0.407353951,0.617390759,0.482252923,0.176613436,0.682510048,0.826174582
G. Maripán,Ligue 1,Monaco,Defender,Ball-Playing Centre-Back,1767,0.885496183,0.935691318,0.734265734,0.050933786,0,0.891221374,0.533333333,10,1.324278438,0.662139219,0.662139219,5.398981324,0.203735144,0.124652227,0.47573048,0.508158762,0.673530591,0.385432592,0.514204505,0.243349481,0.20935739,0.242595584,0.358289092,0.680665401,0.406881636,0.939173538,0.476128464,0.169746193,0.662382755,0.838785464
F. Guilbert,Ligue 1,Strasbourg,Defender,Defensive Anchor / Stopper,2493,0.865384615,0.803076923,0.459016393,0.072202166,0,0.907452907,1.020408163,47,1.407942238,0.36101083,1.046931408,3.57400722,0.036101083,0.727354617,0.813331639,0.347175833,0.891286737,0.489395516,0.557527144,0.360590858,0.170907892,0.475219958,0.5182009,0.360582224,0.365852802,0.664915459,0.457937863,0.126502242,0.619215113,0.858101903
L. Assignon,Ligue 1,Rennes,Defender,Ball-Winning Full-Back,1013,0.93220339,0.86971831,0.723404255,0.088845015,0.088845015,1.068322981,1,9,0.799605133,0.355380059,0.444225074,2.3988154,0.088845015,0.487816724,0.33635958,0.120676,0.348846331,0.466001203,0.486903141,0.335405261,0.205522378,0.150141847,0.424935801,0.561705051,0.235738239,0.651118501,0.300911623,0.171843815,0.851584196,0.853204603
F. Ogier,Ligue 1,Clermont Foot,Defender,Positional Defender,939,0.930232558,0.891774892,0.488888889,0.095846645,0.095846645,0.830078125,0.692307692,11,2.396166134,1.821086262,0.575079872,3.354632588,0.287539936,0.234410901,0.580452133,0.804642866,0.148526994,0.382616517,0.421546088,0.412305245,0.282970077,0.308747962,0.625995026,0.090205544,0.40979112,0,0.583533427,0.145228923,0.98266471,0.796883174
S. Hefti,Ligue 1,Montpellier,Defender,Defensive Anchor / Stopper,713,0.835443038,0.704347826,0.37037037,0,0.126227209,0.948207171,1.5,15,0.883590463,0.252454418,0.631136045,1.388499299,0,0.830909681,0.37244739,0.400124785,0.572420374,0.773837359,0.607051488,0.279856889,0.323727077,0.414570487,0.804182044,0.391063068,0.21950802,0.423437676,0.541397005,0.16993044,0.781110648,0.81341544
C. Matsima,Ligue 1,Clermont Foot,Defender,Ball-Playing Centre-Back,1179,0.908396947,0.919871795,0.482142857,0.076335878,0,0.874039939,1,10,1.06870229,0.763358779,0.305343511,5.648854962,0.076335878,0.184562357,0.432409227,0.484586001,0.480901623,0.713162319,0.49684467,0.473172336,0.186780477,0.438813921,0.651381444,0.220321743,0.475035754,0.841948692,0.633958192,0.191482555,0.622932363,0.785175376
A. Theate,Ligue 1,Rennes,Defender,Ball-Playing Centre-Back,2300,0.929018789,0.932954545,0.64556962,0.07826087,0,0.900249377,0.894736842,24,1.565217391,0.9,0.665217391,3.52173913,0.07826087,0.165544607,0.461244723,0.489030793,0.397840319,0.459133965,0.641326093,0.395304151,0.209295253,0.596498106,0.739266744,0.562112694,0.241099266,0.554362842,0.504548134,0.163113858,0.77168985,0.823528129
J. Belocian,Ligue 1,Rennes,Defender,Positional Defender,1448,0.875457875,0.918141593,0.787234043,0,0.062154696,0.942857143,0.956521739,22,1.11878453,0.621546961,0.497237569,3.04558011,0,0.323423428,0.493631062,0.312943719,0.246475717,0.795599041,0.641255988,0.373431321,0.335404783,0.546455698,0.251907459,0.709769304,0.440276864,0.443166796,0.583568546,0.137007475,0.688377651,0.81336389
Jesús Navas,La Liga,Sevilla,Defender,Ball-Winning Full-Back,2012,0.872340426,0.744897959,0.5,0,0.004025845,0.043982961,1.285714286,22,0.670974155,0.313121272,0.357852883,2.147117296,0,0.452231163,0.318099447,0.362200897,0.597749951,0.864240609,0.655156148,0.271247147,0.204441307,0.629700676,0.602134867,0.408439823,0.494701478,0.395962902,0.349826326,0.155962283,0.687065593,0.82519241
Jorge Meré,La Liga,Cadiz,Defender,Ball-Playing Centre-Back,677,0.833333333,0.872340426,0.423863636,0,0,0.098222222,1.166666667,4,0.664697194,0.398818316,0.265878877,4.387001477,0,0.264907055,0.30173782,0.515069083,0.733782669,0.993995031,0.793624698,0.418945573,0.226515914,0.59491479,0.481494532,0.270644126,0.326176399,0.737964794,0.885801794,0.217133204,0.664044631,0.751429372
Luis Hernández,La Liga,Cadiz,Defender,Ball-Winning Full-Back,722,0.847826087,0.802816901,0.417073171,0.12465374,0,0.105940594,0.75,4,0.373961219,0.249307479,0.12465374,3.11634349,0,0.269352799,0.168694478,0.45045821,0.836963116,0.645597014,0.268186147,0.389710652,0.133987222,0.484644463,0.626267196,0.471313033,0.549477459,0.641843296,0.712865988,0.194240614,0.678176973,0.804458807
David García,La Liga,Osasuna,Defender,Ball-Playing Centre-Back,2336,0.902597403,0.884328358,0.586698337,0,0.001541096,0.032301887,0.947368421,16,1.54109589,0.732020548,0.809075342,4.430650685,0.077054795,0.193942084,0.397938717,0.659568231,0.297517332,0.650481261,0.706075092,0.290333068,0.239684123,0.617408485,0.629294756,0.498190096,0.481778603,0.733351851,0.495210779,0.150498803,0.548373759,0.843654659
Raúl Albiol,La Liga,Villarreal,Defender,Ball-Playing Centre-Back,2035,0.909722222,0.92721519,0.630482456,0,0.001769042,0.038431062,0.933333333,18,1.371007371,1.061425061,0.30958231,4.511056511,0,0.108102411,0.385326919,0.543836005,0.330006206,0.645268884,0.623872329,0.257141549,0.235463716,0.28572935,0.642369637,0.433501046,0.427360616,0.578904254,0.584698627,0.184226204,0.723689234,0.795551551
Javier Manquillo,La Liga,Celta Vigo,Defender,Ball-Winning Full-Back,747,0.90376569,0.82832618,0.424920128,0,0.014457831,0.119444444,1.833333333,8,1.686746988,0.361445783,1.325301205,2.048192771,0,0.626925178,0.291166708,0.66451476,0.182046634,0.543907231,0.934252113,0.250928855,0.151789201,0.456387157,0.832841113,0.425365965,0.166507902,0.749419425,0.657845351,0,0.738532444,1
Unai García,La Liga,Osasuna,Defender,Ball-Winning Full-Back,559,0.901579587,0.8875,0.489873418,0.161001789,0,0.131443299,1,5,1.127012522,0.161001789,0.966010733,2.8980322,0,0.508275238,0.404087407,0.423467355,0.607158817,0.526341902,0.706027255,0.579907207,0.030303353,0.507022121,0.055572128,0.266456743,0.060337866,0.773804355,0.682413435,0.187172973,0.803716132,0.78110664
César Azpilicueta,La Liga,Atletico Madrid,Defender,Ball-Winning Full-Back,1420,0.939393939,0.852017937,0.459459459,0,0.008239437,0.060529217,0.933333333,12,1.584507042,0.38028169,1.204225352,2.915492958,0,0.428026678,0.400599568,0.610678688,0.421746741,0.43448076,0.726574224,0.07849586,0.108885358,0.544007724,0.391858112,0.251869696,0.42169508,0.776828627,0.497772532,0.127443536,0.616135262,0.859172472
Yarek Gasiorowski,La Liga,Valencia,Defender,Positional Defender,731,0.84057971,0.80141844,0.352048558,0,0,0.106276151,0.857142857,13,1.846785226,0.98495212,0.861833105,6.155950752,0.123119015,0.547281007,0.800700907,0.791810725,0.631085244,0.698542969,0.440930421,0.317835848,0.277333682,0.411240691,0.921232001,0.401100043,0.230824487,0.783930661,0.493000822,0.163110811,0.67579026,0.82155836
Javi Hernández,La Liga,Cadiz,Defender,Ball-Winning Full-Back,2516,0.856382979,0.771604938,0.384083045,0.035771065,0.002503975,0.034090909,0.923076923,25,1.216216216,0.321939587,0.89427663,2.575516693,0.035771065,0.513915048,0.262603867,0.712148562,0.547562525,0.601520539,0.590128765,0.224562002,0.122990976,0.415937385,0.510070903,0.422576636,0.352696883,0.652317,0.646941328,0.171855838,0.611411115,0.812449909
Rubén Peña,La Liga,Osasuna,Defender,Defensive Anchor / Stopper,2105,0.805031447,0.697530864,0.402877698,0,0.003847981,0.039073806,1.136363636,20,1.581947743,0.342042755,1.239904988,1.667458432,0.128266033,0.709134703,0.383326965,0.774319645,0.755340088,0.476976242,0.739782863,0.133351013,0.172628572,0.301622748,0.582697276,0.54314605,0.420122457,0.481511333,0.588376065,0.139739898,0.792637818,0.837289125
Álex Suárez,La Liga,Las Palmas,Defender,Ball-Playing Centre-Back,2568,0.929961089,0.894736842,0.568296796,0.070093458,0,0.033447099,1.090909091,31,1.156542056,0.490654206,0.66588785,2.943925234,0,0.387765722,0.40509357,0.380595714,0.220584402,0.68288465,0.60850029,0.436254735,0.156007409,0.617944708,0.572053483,0.453228442,0.351554226,0.610748709,0.551581194,0.154017432,0.646360325,0.825436649
Mika Màrmol,La Liga,Las Palmas,Defender,Positional Defender,3181,0.945714286,0.925925926,0.44012945,0,0.00084879,0.025453113,0.954545455,35,1.103426595,0.537566803,0.565859793,4.159069475,0.056585979,0.348439115,0.538830494,0.356631085,0.413015551,0.685263988,0.517922782,0.186116577,0.157826224,0.60289714,0.603218057,0.183212472,0.440970102,0.794142582,0.657314604,0.142394847,0.541327778,0.833536772
Nacho,La Liga,Real Madrid,Defender,Ball-Playing Centre-Back,1740,0.961038961,0.948096886,0.663366337,0,0.002586207,0.048145225,1.111111111,6,1.189655172,0.672413793,0.517241379,2.896551724,0,0.135559759,0.327797435,0.339128757,0.363210413,0.491685083,0.715224009,0.127505139,0.177899419,0.493359494,0.630888826,0.462538457,0.351699888,0.631943525,0.520153538,0.159353341,0.740787189,0.841263117
João Cancelo,La Liga,Barcelona,Defender,Defensive Anchor / Stopper,2505,0.924698795,0.82832618,0.623100304,0.071856287,0.00502994,0.035411311,1.257142857,38,1.25748503,0.215568862,1.041916168,2.119760479,0.035928144,0.5849925,0.464368722,0.309119033,0.349175003,0.54880385,0.73935242,0.398848556,0.138556648,0.573060996,0.460874217,0.5235179,0.327629258,0.623076681,0.302797752,0.112028471,0.580668144,0.887142529
Joseba Zaldúa,La Liga,Cadiz,Defender,Ball-Winning Full-Back,709,0.890510949,0.75483871,0.293577982,0,0,0.125268817,0.705882353,13,0.761636107,0.507757405,0.253878702,2.538787024,0,0.599624131,0.362165363,0.598597595,0.278433508,1,0.211793662,0.157794527,0.086125657,0.440228779,0.301770489,0.255398484,0.195437177,0.389858517,0.55817067,0.166631159,0.634655341,0.777191595
Víctor Chust,La Liga,Cadiz,Defender,Ball-Playing Centre-Back,1870,0.908496732,0.905405405,0.513513514,0,0.002406417,0.039007782,0.782608696,18,1.299465241,1.010695187,0.288770053,4.427807487,0.048128342,0.202912606,0.372487541,0.616893842,0.296010864,0.754027357,0.564836791,0.249274493,0.178679134,0.27813642,0.472729015,0.274305016,0.263853081,0.572619364,0.639414169,0.196087918,0.582937916,0.785198506
Álex Centelles,La Liga,Almeria,Defender,Ball-Playing Centre-Back,980,0.903061224,0.81420765,0.406356413,0,0.008265306,0.089512195,0.666666667,8,0.459183673,0.183673469,0.275510204,2.663265306,0,0.281353527,0.29169214,0.364544221,0.907322666,0.681556559,0.474122229,0.037602386,0.140514739,0.678619725,0.475190691,0.301654122,0.322985362,0.656153212,0.545484658,0.088577357,0.723143517,0.899498575
Bruno Langa,La Liga,Almeria,Defender,Ball-Winning Full-Back,819,0.870466321,0.803571429,0.471428571,0.10989011,0,0.106309148,1.2,6,1.208791209,0.43956044,0.769230769,3.626373626,0.21978022,0.480524301,0.361976939,0.596080775,0.293658986,0.770334762,0.567242852,0.627486752,0.184010854,0.633345477,0.713100359,0.501824133,0.418754588,0.655999431,0.516153739,0.169533572,0.590953096,0.815352464
Rubén Duarte,La Liga,Alaves,Defender,Ball-Winning Full-Back,1876,0.864,0.772151899,0.404435058,0.095948827,0.002398721,0.042277691,0.952380952,21,1.007462687,0.287846482,0.719616205,3.310234542,0,0.506699716,0.392589791,0.536866656,0.623674239,0.626232295,0.405420189,0.407255075,0.155077406,0.564683114,0.651099772,0.414425885,0.611520534,0.661627438,0.511795631,0.107175651,0.498582568,0.886983121
Sergio Akieme,La Liga,Almeria,Defender,Ball-Winning Full-Back,1676,0.908602151,0.83125,0.432160804,0.107398568,0,0.056060606,0.833333333,13,0.751789976,0.214797136,0.53699284,1.825775656,0,0.392360999,0.23890782,0.517661059,0.694825272,0.351915118,0.361047857,0.549472547,0.030996729,0.490997847,0.666002694,0.333761078,0.239917957,0.703517313,0.556705074,0.194707881,0.690876824,0.793873658
Sergio Akieme,La Liga,Almeria,Defender,Ball-Winning Full-Back,1676,0.908602151,0.83125,0.432160804,0.107398568,0,0.056060606,0.833333333,13,0.751789976,0.214797136,0.53699284,1.825775656,0,0.419525099,0.209621181,0.434926569,0.441214978,0.626997421,0.42562975,0.355769281,0.071568003,0.59255982,0.486946181,0.400091999,0.370272833,0.564555412,0.647552306,0.166550397,0.685478481,0.826509771
Sergio Ramos,La Liga,Sevilla,Defender,Positional Defender,2518,0.92,0.944237918,0.763793103,0.107227959,0,0.031926121,0.9375,27,1.250992851,1.072279587,0.178713264,5.575853852,0,0.097078078,0.602434516,0.308286162,0.451372277,0.677314862,0.569739856,0.631786481,0.254807912,0.451864167,0.542719305,0.481046839,0.312619582,0.584847591,0.275675277,0.182373174,0.731024287,0.822636047
Juanpe,La Liga,Girona,Defender,Ball-Playing Centre-Back,736,0.963302752,0.941666667,0.639455782,0,0,0.109854015,1,9,2.078804348,1.345108696,0.733695652,6.114130435,0.122282609,0.073458597,0.582978795,0.693367333,0.123534995,0.643369317,0.817118662,0.384697308,0.251433505,0.496822643,0.60873317,0.22124975,0.360352434,0.686221925,0.265355386,0.160093596,0.615223812,0.827874402
Alberto Moreno,La Liga,Villarreal,Defender,Ball-Winning Full-Back,1488,0.887096774,0.846590909,0.577777778,0.120967742,0.007258065,0.059865093,1.105263158,10,0.725806452,0.120967742,0.60483871,1.995967742,0,0.484654122,0.376162832,0.225370895,0.694493269,0.594650423,0.63194991,0.477343937,0.111596821,0.525394714,0.258930377,0.433613475,0.337723563,0.559543255,0.566160585,0.064584698,0.759592149,0.915906383
Saúl Coco,La Liga,Las Palmas,Defender,Ball-Playing Centre-Back,2293,0.946502058,0.928853755,0.457142857,0.039249891,0,0.034890304,0.76,11,1.059747056,0.588748365,0.470998692,4.709986917,0.117749673,0.182788924,0.386343303,0.493914991,0.344597007,0.705032183,0.475500005,0.293793505,0.151086743,0.661600748,0.589044223,0.249622236,0.380551819,0.857388113,0.60637377,0.165015297,0.540707826,0.827874402
Miguel Gutiérrez,La Liga,Girona,Defender,Ball-Playing Centre-Back,3037,0.9375,0.862068966,0.658198614,0.059269015,0.006223247,0.031241744,1.636363636,13,0.800131709,0.325979585,0.474152124,1.955877511,0.059269015,0.255473635,0.14593764,0.285096839,0.472260707,0.512732265,0.75951603,0.263289523,0.114751767,0.391966091,0.462500601,0.44756694,0.34514677,0.593924935,0.369013671,0.206594564,0.76755671,0.797140105
Yan Couto,La Liga,Girona,Defender,Ball-Winning Full-Back,2245,0.876447876,0.791262136,0.538297872,0.040089087,0.012828508,0.038650866,1.36,20,0.561247216,0.080178174,0.481069042,1.242761693,0.040089087,0.557481354,0.181264201,0.301386266,0.422894245,0.800652346,0.712155702,0.343465126,0.130944081,0.427270732,0.412817892,0.479889835,0.294223783,0.49826659,0.552922267,0.207097869,0.787229097,0.775890439
Arnau Martínez,La Liga,Girona,Defender,Ball-Playing Centre-Back,1242,0.942446043,0.935849057,0.552112676,0,0.010144928,0.072436751,0.941176471,15,1.086956522,0.362318841,0.724637681,2.971014493,0.217391304,0.377660404,0.381107994,0.36621557,0.277228449,0.637527935,0.66041918,0.167861361,0.127274817,0.491360891,0.350545406,0.362934918,0.259252948,0.782530106,0.676683952,0.240193817,0.659646852,0.720258306
David López,La Liga,Girona,Defender,Ball-Playing Centre-Back,1975,0.944664032,0.960493827,0.660984848,0.136708861,0,0.042648923,0.952380952,17,1.275949367,0.865822785,0.410126582,2.870886076,0.182278481,0.196523563,0.428675043,0.307705189,0.297005944,0.513826343,0.564864639,0.539412084,0.136907906,0.480535046,0.433362597,0.363012535,0.426266091,0.389158343,0.62909095,0.135980961,0.716719725,0.8395822
Catena,La Liga,Osasuna,Defender,Ball-Playing Centre-Back,2536,0.895049505,0.912863071,0.591269841,0.035488959,0.003903785,0.029194883,0.692307692,19,0.851735016,0.532334385,0.319400631,4.22318612,0.106466877,0.196527114,0.292998332,0.462902045,0.395657163,0.714744708,0.477502709,0.287963586,0.169920451,0.381385359,0.389047553,0.503660183,0.352673766,0.772987488,0.642450319,0.18524787,0.651641378,0.816364277
Jesús Areso,La Liga,Osasuna,Defender,Ball-Winning Full-Back,2661,0.880829016,0.762162162,0.493530499,0.033821871,0.006764374,0.036663124,0.96,31,1.217587373,0.507328072,0.710259301,1.961668546,0,0.459469789,0.277005077,0.607135663,0.436219637,0.598600005,0.555669187,0.228578933,0.17205855,0.470183495,0.693110331,0.568056567,0.37201367,0.434190355,0.417892057,0.186330644,0.679141731,0.804563524
Jorge Herrando,La Liga,Osasuna,Defender,Ball-Playing Centre-Back,1644,0.892307692,0.905263158,0.427374302,0,0.002737226,0.043572395,0.826086957,12,1.094890511,0.602189781,0.49270073,3.777372263,0.054744526,0.312201941,0.391779303,0.550506373,0.418258652,0.775865461,0.568374444,0.222799138,0.150048377,0.494875199,0.36703987,0.23204382,0.326316025,0.672024179,0.838478899,0.12870593,0.622932363,0.834072648
Kiko Femenía,La Liga,Villarreal,Defender,Defensive Anchor / Stopper,1580,0.943262411,0.864150943,0.483870968,0,0,0.056990395,1.315789474,19,1.196202532,0.341772152,0.85443038,2.563291139,0,0.48467736,0.513097327,0.291641314,0.656860432,0.537253272,0.832817324,0.148260864,0.120511772,0.549028964,0.476565405,0.162315883,0.275936938,0.66601312,0.477098467,0.179191811,0.709348446,0.776071332
Diego Rico,La Liga,Getafe,Defender,Defensive Anchor / Stopper,2537,0.846534653,0.676616915,0.389651531,0,0.008868743,0.03378119,1.5,41,0.886874261,0.283799764,0.603074497,2.696097753,0,0.673256307,0.444592656,0.448024134,0.765402266,0.833245794,0.687436725,0.300897144,0.22026869,0.536182986,0.801264808,0.364786877,0.360488193,0.49936149,0.265977904,0.165558648,0.72051718,0.825453393
Domingos Duarte,La Liga,Getafe,Defender,Ball-Playing Centre-Back,907,0.770034843,0.834170854,0.693586698,0,0,0.077393617,0.666666667,5,0.694597574,0.496141125,0.19845645,2.679162073,0,0.192926108,0.199526117,0.56698613,0.717386816,0.824002271,0.601942374,0.302593318,0.304596235,0.426090124,0.480095202,1,0.386596459,0.415126845,0.817128341,0.200430566,0.831899524,0.786750046
Aitor Paredes,La Liga,Athletic Club,Defender,Ball-Playing Centre-Back,2707,0.888888889,0.932384342,0.591737546,0.033247137,0,0.028626692,1,7,0.764684152,0.365718508,0.398965645,3.457702253,0,0.13382887,0.244653847,0.383769638,0.653424893,0.58629492,0.63593902,0.236115174,0.177955335,0.497033171,0.504146131,0.502777884,0.447999729,0.787296588,0.781007743,0.147071204,0.693594074,0.854044773
Thierry Correia,La Liga,Valencia,Defender,Defensive Anchor / Stopper,2161,0.897637795,0.797927461,0.407322654,0,0.003331791,0.041846758,0.897435897,28,1.624248033,0.666358168,0.957889866,2.540490514,0,0.614298004,0.60911151,0.574942853,0.460879676,0.578391899,0.546169933,0.144371014,0.153733774,0.470615345,0.521771862,0.279006513,0.419249054,0.425769037,0.524610278,0.084649208,0.565352215,0.886930885
Jesús Vázquez,La Liga,Valencia,Defender,Defensive Anchor / Stopper,705,0.854304636,0.66251298,0.369822485,0.127659574,0,0.120670391,0.923076923,10,2.170212766,0.510638298,1.659574468,3.063829787,0,0.901961435,0.484483593,0.96336863,0.225021404,0.421064437,0.525995744,0.499182852,0.083331641,0.199326317,0.527502295,0.440185222,0.45488382,0.620083455,0.242958294,0.208413375,0.38439661,0.765344131
Cristhian Mosquera,La Liga,Valencia,Defender,Ball-Playing Centre-Back,3072,0.918238994,0.940239044,0.635332253,0,0,0.026218384,0.944444444,25,1.23046875,0.673828125,0.556640625,4.013671875,0.05859375,0.260239351,0.482898845,0.380791013,0.370486237,0.634622225,0.641167753,0.232509452,0.199763535,0.425405965,0.479973569,0.450593532,0.391553318,0.705760042,0.596075059,0.157513843,0.656122442,0.820831423
Toni Lato,La Liga,Mallorca,Defender,Defensive Anchor / Stopper,1543,0.87804878,0.758426966,0.482213439,0,0.003499676,0.060595447,1.210526316,16,0.991574854,0.174983798,0.816591056,1.57485418,0,0.6479228,0.38685965,0.395678097,0.497932749,0.665862723,0.621981821,0.179302894,0.174731253,0.531322221,0.72463696,0.573420393,0.377320789,0.537787266,0.450988245,0.141071359,0.733757002,0.856396536
Pablo Maffeo,La Liga,Mallorca,Defender,Ball-Winning Full-Back,1545,0.828125,0.664583333,0.328212291,0.058252427,0.006990291,0.055263158,1.222222222,23,0.699029126,0.116504854,0.582524272,1.339805825,0,0.701045159,0.225343966,0.541690537,0.598096397,0.805552632,0.484119311,0.343513691,0.141728701,0.504329884,0.689503422,0.434611932,0.498050863,0.395119801,0.507829625,0.165672044,0.595511999,0.811818853
Copete,La Liga,Mallorca,Defender,Defensive Anchor / Stopper,1339,0.860655738,0.856353591,0.486725664,0.067214339,0.004705004,0.052972028,1,30,0.806572069,0.403286034,0.403286034,3.159073936,0.067214339,0.613947544,0.709402751,0.151924071,0.830564311,0.696372516,0.431401784,0.374233308,0.164378966,0.373076727,0.309753685,0.262245762,0.522830045,0.48268205,0.722189826,0.143221887,0.696243749,0.795318443
Adrià Pedrosa,La Liga,Sevilla,Defender,Defensive Anchor / Stopper,1743,0.86784141,0.759259259,0.384984026,0.051635112,0.010843373,0.052481203,0.928571429,23,1.342512909,0.309810671,1.032702238,2.788296041,0,0.652318386,0.440471837,0.639175158,0.399817512,0.648015044,0.482424287,0.314803435,0.14620665,0.542020452,0.542990586,0.42117378,0.455774428,0.632844626,0.526242275,0.134548709,0.472789344,0.861556332
Kike Salas,La Liga,Sevilla,Defender,Positional Defender,1608,0.869198312,0.847736626,0.398190045,0.167910448,0,0.046122027,0.884615385,22,1.399253731,0.78358209,0.615671642,5.093283582,0.055970149,0.462393066,0.589062768,0.583063069,0.616940135,0.577227266,0.368714646,0.653128432,0.136461017,0.350173211,0.583437417,0.232592512,0.329550799,0.694669936,0.594813549,0.186864537,0.567262793,0.793935
Robin Le Normand,La Liga,Real Sociedad,Defender,Ball-Playing Centre-Back,2473,0.916230366,0.925501433,0.746974697,0.07278609,0,0.032349603,1.375,17,0.946219167,0.545895673,0.400323494,3.493732309,0.036393045,0.156921367,0.359731575,0.244136518,0.452724611,0.650027282,0.769908602,0.4922143,0.213802637,0.552308363,0.468963526,0.515796692,0.508043742,0.600137577,0.479321816,0.189364988,0.737275859,0.786552764
Javi Galán,La Liga,Real Sociedad,Defender,Defensive Anchor / Stopper,1076,0.90376569,0.816593886,0.520634921,0,0.00669145,0.982222222,1.466666667,15,2.007434944,0.083643123,1.923791822,1.421933086,0.083643123,0.72824288,0.494715102,0.582465777,0.075235644,0.379744752,0.905864571,0.239354628,0.222673036,0.832711993,0.970339779,0.636956527,1,0.876255217,0.653024997,0.777785134,0,0.071765227
Íñigo Martínez,La Liga,Barcelona,Defender,Ball-Playing Centre-Back,1290,0.933333333,0.936046512,0.6825,0,0,0.06216458,0.777777778,6,0.906976744,0.697674419,0.209302326,3.488372093,0,0.046894019,0.278502103,0.36290774,0.394220337,0.739612124,0.733406626,0.256760519,0.20636648,0.568852497,0.464055037,0.462997377,0.28412307,0.576581191,0.504879381,0.183736257,0.739845376,0.807213583
Alejandro Balde,La Liga,Barcelona,Defender,Ball-Winning Full-Back,1378,0.909385113,0.867052023,0.523636364,0,0.004571843,0.067862481,1,7,0.91436865,0.065312046,0.849056604,1.371552975,0.065312046,0.42157274,0.179036934,0.442817918,0.307149229,0.591533451,0.635428859,0.099523579,0.127800217,0.598903743,0.543830505,0.610228934,0.390026355,0.708497238,0.737592835,0.184902344,0.655088501,0.808806192
Rafa Marín,La Liga,Alaves,Defender,Ball-Playing Centre-Back,2437,0.893457944,0.898395722,0.602053915,0,0,0.030618253,0.869565217,14,1.255642183,0.775543701,0.480098482,4.764054165,0.073861305,0.164871682,0.439270524,0.537839456,0.562169031,0.67535251,0.682974669,0.267956471,0.228906498,0.436252492,0.466193168,0.410392281,0.393383016,0.70130084,0.527142829,0.197342494,0.652481806,0.772778885
Dani Carvajal,La Liga,Real Madrid,Defender,Ball-Winning Full-Back,2176,0.912621359,0.88209607,0.68329718,0.165441176,0.004963235,0.041338583,1.142857143,23,1.158088235,0.372242647,0.785845588,2.233455882,0.165441176,0.445517982,0.396511973,0.285887331,0.367759635,0.511380446,0.667375079,0.640106314,0.111890162,0.486810362,0.286661901,0.520215139,0.333965557,0.515492975,0.450617234,0.136060596,0.706063797,0.859528022
Fran García,La Liga,Real Madrid,Defender,Ball-Winning Full-Back,1395,0.93557423,0.857819905,0.412300683,0.064516129,0.020645161,0.067037037,1.545454545,13,1.032258065,0.193548387,0.838709677,1.806451613,0.064516129,0.482974312,0.330344707,0.326892479,0.583296689,0.499025584,0.749126206,0.275997533,0.098752861,0.603857084,0.555784989,0.137945097,0.399235813,0.648241053,0.654180232,0.153987184,0.633432587,0.818540763
Lucas Vázquez,La Liga,Real Madrid,Defender,Defensive Anchor / Stopper,1409,0.924281984,0.883408072,0.424242424,0.191625266,0.024272534,0.064231189,1.136363636,18,1.724627395,0.319375444,1.405251952,2.299503194,0,0.603779631,0.482076719,0.546757214,0.218051945,0.424368363,0.619449307,0.679251891,0.073257514,0.733050932,0.319219004,0.202706553,0.519959157,0.624719825,0.747956236,0.118748654,0.511435372,0.852716492
Sergi Cardona,La Liga,Las Palmas,Defender,Defensive Anchor / Stopper,2815,0.892265193,0.826666667,0.474358974,0.031971581,0.001918295,0.031907514,1.057692308,55,1.438721137,0.223801066,1.214920071,3.261101243,0,0.700375388,0.646178758,0.440266653,0.470798025,0.582202071,0.607749329,0.295386404,0.159591739,0.570450318,0.514808566,0.444335052,0.396589413,0.785820963,0.501465088,0.117618859,0.638633589,0.86805167
Pep Chavarría,La Liga,Rayo Vallecano,Defender,Ball-Winning Full-Back,1163,0.878228782,0.793650794,0.404379562,0.077386071,0.006190886,0.073757764,1.2,11,1.160791058,0.232158212,0.928632846,2.244196045,0.077386071,0.53091962,0.320033797,0.590612463,0.32955326,0.790397067,0.668755937,0.505861327,0.157496202,0.84178565,0.577188183,0.41028058,0.387991117,0.556510142,0.62222181,0.214964721,0.586316763,0.760644689
Unai Núñez,La Liga,Celta Vigo,Defender,Positional Defender,2801,0.868421053,0.884169884,0.534653465,0.032131382,0,0.025737101,0.933333333,23,1.220992503,0.77115316,0.449839343,4.916101392,0.096394145,0.269372927,0.55188606,0.484831684,0.709454675,0.633559707,0.542368189,0.327402552,0.239072181,0.410537185,0.637872424,0.40126254,0.472905809,0.691823152,0.603631854,0.1620416,0.660578941,0.824366752
Manu Sánchez,La Liga,Celta Vigo,Defender,Defensive Anchor / Stopper,1776,0.866028708,0.794871795,0.464788732,0,0.012668919,0.052112676,1.333333333,31,1.165540541,0.152027027,1.013513514,3.293918919,0,0.757071414,0.457605097,0.412408318,0.466788196,0.558429226,0.621864675,0.189382545,0.166903045,0.138304967,0.734928115,0.462121508,0.526052859,0.908040517,0.55206924,0.140556247,0.621635141,0.853272914
Óscar Mingueza,La Liga,Celta Vigo,Defender,Ball-Winning Full-Back,3000,0.88973384,0.766666667,0.450721154,0.06,0.0018,0.028262253,0.863636364,37,1.14,0.21,0.93,1.47,0.06,0.56752918,0.287498488,0.589196286,0.358626541,0.653226647,0.547088906,0.290431407,0.103325256,0.639175945,0.418916013,0.522598374,0.280810848,0.501090838,0.483138503,0.144598241,0.606801215,0.835242408
Carlos Domínguez,La Liga,Celta Vigo,Defender,Positional Defender,1585,0.848837209,0.889380531,0.47043364,0,0,0.045263158,1.235294118,23,1.362776025,0.681388013,0.681388013,4.429022082,0,0.433654046,0.50197687,0.569117294,0.552012995,0.678657165,0.680078697,0.314165772,0.245285533,0.351390287,0.886481456,0.519661538,0.183481439,0.796111963,0.79423283,0.197516086,0.747972809,0.802231696
Jon Pacheco,La Liga,Real Sociedad,Defender,Ball-Playing Centre-Back,1521,0.906862745,0.941176471,0.588235294,0.059171598,0.003550296,0.051460481,0.714285714,14,1.00591716,0.355029586,0.650887574,3.136094675,0.059171598,0.286202189,0.342492317,0.439230358,0.3069054,0.668971923,0.532873994,0.336066864,0.131718603,0.579024091,0.191662521,0.505808478,0.351553364,0.716365389,0.784623871,0.123233671,0.622932363,0.856799549
Aihen Muñoz,La Liga,Real Sociedad,Defender,Defensive Anchor / Stopper,1119,0.901041667,0.742063492,0.428571429,0,0.012868633,0.079330709,1.05,24,1.286863271,0.643431635,0.643431635,2.654155496,0,0.714383847,0.493921476,0.49546434,0.257828712,0.731541898,0.468536657,0.21530119,0.178964938,0.290603866,0.852690347,0.43212072,0.228198103,0.473026935,0.278400754,0.136113149,0.783943034,0.849853849
Javi López,La Liga,Alaves,Defender,Ball-Winning Full-Back,2386,0.855491329,0.711409396,0.411688312,0.037720034,0.004149204,0.037677419,1.090909091,15,0.943000838,0.339480302,0.603520536,2.904442582,0.037720034,0.370190081,0.116587782,0.733266277,0.563518278,0.678963229,0.521505639,0.24972368,0.171380241,0.498263987,0.73819813,0.510670506,0.514719028,0.624093471,0.398497627,0.177380984,0.548262596,0.839759314
